Date,Release,,,Genre,,Details,,Rating,,Cut,Track ratings,,,,,,,,,,,,,,,,,,,,,,,,,,,,,,,,,,,,,,Scores,,,Spotify streams,,"Log
streams",First listen,Top albums
,,,,,,Format,Length,Score,%ile,,1,2,3,4,5,6,7,8,9,10,11,12,13,14,15,16,17,18,19,20,21,22,23,24,25,26,27,28,29,30,31,32,33,34,35,36,37,38,Pitchfork,Metacritic,Fantano,,,10,,Score
19/06/2020,Punisher,,Phoebe Bridgers,Folk/Country,,LP2,41,,,,-,-,-,-,-,-,-,-,-,A,B,,,,,,,,,,,,,,,,,,,,,,,,,,,,,,,,,,01/06/2020,
12/06/2020,Room for the Moon,,Kate NV,Pop,Exp.,LP3,47,6.6,27,"""Plans""",A,B,B,C,C,B,A,A,D,A,,,,,,,,,,,,,,,,,,,,,,,,,,,,,8.0,,,,,,01/06/2020,
29/05/2020,,,⣎⡇ꉺლ༽இ•̛)ྀ◞ ༎ຶ ༽ৣৢ؞ৢ؞ؖ ꉺლ,Electronic,Amb.,EP,17,7.9,63,"""࿃ूੂ࿃ूੂੂ࿃ूੂOOOOOOOOOOOO ̟̞̝̜̙̘̗̖҉̵̴̨̧̢̡̼̻̺̹̳̲̱̰̯̮̭̬̫̪̩̦̥̤̣̠҈͈͇͉͍͎͓͔͕͖͙͚͜͢͢͢͢͢͢͢͢͢͢͢͢͢͢ͅ ooooooooo""",B,A,a,*,,,,,,,,,,,,,,,,,,,,,,,,,,,,,,,,,,,,,,,,,01/06/2020,
22/05/2020,Notes On A Conditional Form,,The 1975,Rock,Elec.,LP4,81,8.7,84,"""I Think There's Something You Should Know""",C,A,A,*,a,B,A,*,A,A,*,*,C,B,A,A,A,*,*,*,B,*,,,,,,,,,,,,,,,,,8.0,69,5,"11,303,906",▲,7,01/05/2020,8.7
22/05/2020,Acquiesce,,TALsounds,Ambient,Exp.,LP5,44,6.2,20,"""Dynasty""",C,A,A,a,B,C,C,a,B,B,,,,,,,,,,,,,,,,,,,,,,,,,,,,,7.6,,,,,,01/05/2020,
15/05/2020,Set My Heart on Fire Immediately,,Perfume Genius,Rock,Folk,LP5,51,8.5,79,"""Describe""",*,*,A,*,C,A,B,C,B,*,B,*,B,,,,,,,,,,,,,,,,,,,,,,,,,,9.0,91,8,,,,01/05/2020,8.5
15/05/2020,how i'm feeling now,,Charli XCX,Pop,Exp.,LP4,37,8.3,74,"""detonate""",B,A,*,A,*,*,*,A,D,A,A,,,,,,,,,,,,,,,,,,,,,,,,,,,,7.7,82,8,"9,744,594",▼,7,01/05/2020,8.3
01/05/2020,Shall We Go On Sinning So That Grace...,,The Soft Pink Truth,Contemporary,Elec.,LP,44,6.7,29,"""That""",C,A,B,B,B,B,A,A,A,,,,,,,,,,,,,,,,,,,,,,,,,,,,,,8.3,85,,"53,181",,5,01/05/2020,
01/05/2020,Cover Two,,Joan as Police Woman,Rock,,LP8,45,5.5,12,"""Life's What You Make It""",D,C,B,B,D,A,B,B,C,B,,,,,,,,,,,,,,,,,,,,,,,,,,,,,,78,,,,,01/05/2020,
17/04/2020,Fetch the Bolt Cutters,,Fiona Apple,Experimental,Cont.,LP5,52,8.0,65,"""Newspaper""",C,A,B,A,A,B,*,C,*,B,A,A,A,,,,,,,,,,,,,,,,,,,,,,,,,,10,98,7,"3,169,835",▲,7,01/04/2020,
10/04/2020,The Loves of Your Life,,Hamilton Leithauser,Folk/Country,,LP2,43,7.2,42,"""Cross-Sound Ferry (Walk-On Ticket)""",A,B,B,*,C,C,B,B,A,A,A,,,,,,,,,,,,,,,,,,,,,,,,,,,,7.6,80,,"591,376",,6,01/04/2020,
10/04/2020,Song for Our Daughter,,Laura Marling,Folk/Country,,LP7,37,6.6,27,"""Fortune""",A,A,D,*,C,A,*,A,C,D,,,,,,,,,,,,,,,,,,,,,,,,,,,,,7.6,89,9,"1,772,217",,6,01/04/2020,
08/04/2020,EXETER,,Bladee,Hip-Hop,Exp.,Mixtape,19,7.3,45,"""RAIN3OW STAR (LOVE IS ALL)""",A,A,A,A,A,A,B,C,B,,,,,,,,,,,,,,,,,,,,,,,,,,,,,,7.2,,5,"328,884",,6,01/04/2020,
03/04/2020,Heaven to a Tortured Mind,,Yves Tumor,Experimental,Rock,LP4,37,7.6,53,"""Medicine Burn""",C,*,B,A,A,A,A,C,C,A,b,B,,,,,,,,,,,,,,,,,,,,,,,,,,,8.5,88,7,"893,233",▲,6,01/04/2020,
27/03/2020,Cenizas,,Nicolás Jaar,Experimental,Cont.,LP3,53,6.1,18,"""Garden""",B,A,A,C,B,B,c,A,B,B,*,D,A,,,,,,,,,,,,,,,,,,,,,,,,,,8.0,86,8,"1,019,906",,6,01/03/2020,
27/03/2020,Future Nostalgia,,Dua Lipa,Pop,,LP2,38,5.2,9,"""Hallucinate""",B,C,A,B,B,B,A,A,D,D,B,,,,,,,,,,,,,,,,,,,,,,,,,,,,7.5,88,7,"58,591,844",,8,01/03/2020,
20/03/2020,Let It All In,,Arbouretum,Folk/Country,,LP10,46,6.8,31,"""A Prism in Reverse""",A,A,B,b,B,B,A,C,,,,,,,,,,,,,,,,,,,,,,,,,,,,,,,7.8,81,,"14,935",,4,01/04/2020,
20/03/2020,After Hours,,The Weeknd,Pop,,LP4,57,6.5,25,"""In Your Eyes""",B,B,A,C,C,B,C,A,A,A,B,D,A,C,,,,,,,,,,,,,,,,,,,,,,,,,7.9,80,7,"61,741,039",,8,01/03/2020,
13/03/2020,Sixteen Oceans,,Four Tet,Electronic,Amb.,LP10,55,8.0,65,"""Romantics""",A,B,b,C,*,A,A,c,b,A,b,*,d,*,a,C,,,,,,,,,,,,,,,,,,,,,,,6.9,74,4,"2,183,032",▼,6,01/03/2020,
13/03/2020,The Common Task,,Horse Lords,Experimental,Rock,LP4,42,4.9,8,"""People's Park""",D,C,C,B,A,,,,,,,,,,,,,,,,,,,,,,,,,,,,,,,,,,7.8,83,8,"31,128",▲,4,01/04/2020,
13/03/2020,Run to the Father,,Cody Carnes,Worship,,LP2,49,1.3,0,"""All My Delight""",C,C,D,C,D,B,D,C,C,,,,,,,,,,,,,,,,,,,,,,,,,,,,,,,,,"1,776,594",▲,6,01/03/2020,
06/03/2020,Conference of Trees,,Pantha du Prince,Contemporary,Amb.,LP,75,6.9,34,"""The Crown Territory""",B,C,B,A,A,A,A,D,B,B,,,,,,,,,,,,,,,,,,,,,,,,,,,,,7.1,80,,"132,043",▼,5,01/03/2020,
06/03/2020,Silver Landings,,Mandy Moore,Folk/Country,,LP7,41,6.3,21,"""Forgiveness""",A,B,A,B,C,B,A,A,B,B,,,,,,,,,,,,,,,,,,,,,,,,,,,,,7.1,75,,"3,800,510",▼,7,01/03/2020,
28/02/2020,color theory,,Soccer Mommy,Rock,,LP2,45,7.8,59,"""up the walls""",A,*,C,A,A,D,*,C,*,A,,,,,,,,,,,,,,,,,,,,,,,,,,,,,7.8,81,,"1,145,892",▼,6,01/02/2020,
28/02/2020,Ecstasy,,Disclosure,Electronic,,EP,24,6.0,17,"""Etran""",B,B,B,A,B,,,,,,,,,,,,,,,,,,,,,,,,,,,,,,,,,,,,,"20,010,299",▼,7,01/02/2020,
27/02/2020,La vita nuova,,Christine and the Queens,Pop,,EP,19,7.8,59,"""People, I've been sad""",A,A,C,A,A,,,,,,,,,,,,,,,,,,,,,,,,,,,,,,,,,,7.8,91,,"2,800,091",▼,6,01/02/2020,
21/02/2020,Myopia,,Agnes Obel,Folk/Country,Cont.,LP4,40,9.1,93,"""Island of Doom""",A,*,*,a,*,b,A,a,*,C,,,,,,,,,,,,,,,,,,,,,,,,,,,,,7.1,74,,"1,633,486",▼,6,01/02/2020,9.1
21/02/2020,@@@@@,,Arca,Experimental,Elec.,Mixtape,63,7.7,56,"""Form""",C,C,A,C,C,A,A,b,b,A,a,A,A,B,C,A,A,B,*,A,A,C,A,B,D,B,*,C,*,b,,,,,,,,,8.1,,,"255,476",▲,5,01/02/2020,
14/02/2020,The Slow Rush,,Tame Impala,Rock,Pop,LP4,58,8.4,77,"""Lost in Yesterday""",*,B,B,*,*,B,D,*,A,A,a,B,,,,,,,,,,,,,,,,,,,,,,,,,,,8.0,79,6,"12,562,789",▼,7,01/02/2020,8.4
07/02/2020,2017 – 2019,,Against All Logic,Electronic,Exp.,LP2,46,8.3,74,"""With an Addict""",C,A,*,A,a,A,*,A,A,,,,,,,,,,,,,,,,,,,,,,,,,,,,,,7.9,84,8,"611,923",▼,6,01/02/2020,8.3
31/01/2020,Silver Tongue,,TORRES,Rock,Pop,LP4,35,5.5,12,"""Two of Everything""",D,A,B,B,A,C,C,B,D,,,,,,,,,,,,,,,,,,,,,,,,,,,,,,7.4,77,,"104,825",▼,5,01/02/2020,
17/01/2020,R.Y.C,,Mura Masa,Rock,Pop,LP2,38,7.6,53,"""Live Like We're Dancing""",*,B,A,b,B,C,*,C,*,A,a,,,,,,,,,,,,,,,,,,,,,,,,,,,,6.7,65,,"4,340,999",▼,7,01/01/2020,
17/01/2020,Marigold,,Pinegrove,Rock,Folk,LP4,38,7.3,45,"""Neighbor""",A,b,B,*,A,B,A,B,D,*,A,,,,,,,,,,,,,,,,,,,,,,,,,,,,6.6,76,,"476,077",▼,6,01/01/2020,
17/01/2020,Scis,,Oval,Experimental,Elec.,LP17,45,5.6,13,"""Improg""",B,B,C,A,C,B,A,D,B,B,,,,,,,,,,,,,,,,,,,,,,,,,,,,,7.0,,,"15,999",▼,4,01/01/2020,
08/01/2020,Rushing,,Lucy Gooch,Experimental,Cont.,EP,19,5.7,14,"""Sun""",B,B,B,A,B,,,,,,,,,,,,,,,,,,,,,,,,,,,,,,,,,,,,,"2,612",▼,3,01/03/2020,
12/12/2019,BUBBA,,KAYTRANADA,Hip-Hop,Elec.,LP2,51,7.0,36,"""Vex Oh""",B,A,A,B,*,C,C,D,A,B,*,C,*,D,A,B,C,,,,,,,,,,,,,,,,,,,,,,8.1,82,,"3,930,764",▼,7,01/12/2019,
22/11/2019,Frozen II,,Various Artists,Pop,Cont.,OST,32,7.4,47,"""Some Things Never Change""",*,*,A,D,a,A,*,B,C,B,C,,,,,,,,,,,,,,,,,,,,,,,,,,,,,,,,,,01/11/2019,
22/11/2019,E,,Ecco2K,Experimental,Pop,LP1,31,5.9,16,"""Don't Ask""",A,C,A,b,B,C,A,A,*,A,C,D,,,,,,,,,,,,,,,,,,,,,,,,,,,7.4,,7,"159,975",▲,5,01/11/2019,
22/11/2019,Everyday Life,,Coldplay,Rock,Pop,LP8,53,5.3,10,"""Everyday Life""",b,B,C,C,A,c,A,*,B,B,*,D,B,C,A,*,,,,,,,,,,,,,,,,,,,,,,,6.8,73,5,"33,025,697",▲,8,01/11/2019,
08/11/2019,MAGDALENE,,FKA twigs,Pop,,LP2,39,7.8,59,"""fallen alien""",A,C,*,A,A,*,*,A,B,,,,,,,,,,,,,,,,,,,,,,,,,,,,,,9.4,88,7,"1,280,057",▼,6,01/11/2019,
01/11/2019,One Life,,Malibu,Ambient,,LP1,29,8.4,77,"""Nana (Like a Star Made for Me)""",*,A,A,*,*,,,,,,,,,,,,,,,,,,,,,,,,,,,,,,,,,,7.7,,,"22,076",▲,4,01/11/2019,8.4
25/10/2019,JESUS IS KING,,Kanye West,Hip-Hop,,LP9,27,7.8,59,"""Follow God""",C,B,*,A,A,B,B,D,*,A,a,,,,,,,,,,,,,,,,,,,,,,,,,,,,7.2,55,4,"30,212,918",▼,7,01/10/2019,
25/10/2019,Forget,,ev.exi,Experimental,Elec.,LP,26,7.2,42,"""slow""",A,C,B,A,B,A,*,A,,,,,,,,,,,,,,,,,,,,,,,,,,,,,,,,,,"21,745",▲,4,01/03/2020,
18/10/2019,PANG,,Caroline Polachek,Pop,,LP1,47,8.1,68,"""So Hot You're Hurting My Feelings""",b,A,B,C,A,*,*,A,A,A,C,*,B,*,,,,,,,,,,,,,,,,,,,,,,,,,7.3,82,8,"864,838",▲,6,01/10/2019,
18/10/2019,Crush,,Floating Points,Electronic,Cont.,LP2,44,8.1,68,"""Sea-Watch""",B,*,A,A,a,A,A,A,A,*,C,D,,,,,,,,,,,,,,,,,,,,,,,,,,,8.3,81,,"720,875",▲,6,01/10/2019,
11/10/2019,Giants of All Sizes,,elbow,Rock,,LP8,40,6.3,21,"""My Trouble""",C,A,A,C,D,D,*,*,A,,,,,,,,,,,,,,,,,,,,,,,,,,,,,,,84,,"1,250,617",▲,6,01/10/2019,
04/10/2019,Ghosteen,,Nick Cave & The Bad Seeds,Ambient,Rock,LP17,69,8.8,87,"""Bright Horses""",B,*,A,A,*,*,A,A,B,B,*,,,,,,,,,,,,,,,,,,,,,,,,,,,,8.8,97,7,"2,558,500",▲,6,01/10/2019,8.8
02/10/2019,Closer to Grey,,Chromatics,Rock,Pop,LP5,46,7.0,36,"""Whispers in the Hall""",C,A,B,B,B,C,A,a,A,A,A,B,,,,,,,,,,,,,,,,,,,,,,,,,,,7.1,78,,"1,202,305",▲,6,01/10/2019,
20/09/2019,DSVII,,M83,Contemporary,Elec.,LP8,57,8.2,71,"""Temple of Sorrow""",*,B,*,A,C,*,B,A,C,B,B,*,B,A,*,,,,,,,,,,,,,,,,,,,,,,,,7.4,68,,"5,626,224",▲,7,01/09/2019,
20/09/2019,PRINCESS CATGIRL,,Cashmere Cat,Pop,Elec.,LP2,19,8.0,65,"""WATERGIRL""",*,*,A,C,A,B,*,,,,,,,,,,,,,,,,,,,,,,,,,,,,,,,,6.8,,,"1,978,968",▼,6,01/09/2019,
20/09/2019,Jaime,,Brittany Howard,Rock,,LP1,36,5.8,15,"""13th Century Metal""",C,D,A,A,D,A,*,D,B,D,C,,,,,,,,,,,,,,,,,,,,,,,,,,,,8.6,88,7,"960,173",▲,6,01/09/2019,
18/09/2019,XYZ,,GLOO,Experimental,Pop,LP1,29,6.1,18,"""Lux 2""",b,*,A,A,B,B,A,B,A,,,,,,,,,,,,,,,,,,,,,,,,,,,,,,,,7,"41,343",▼,5,01/09/2019,
13/09/2019,Charli,,Charli XCX,Pop,,LP3,51,8.7,84,"""Gone""",*,*,*,B,A,A,A,A,A,*,A,A,C,B,A,,,,,,,,,,,,,,,,,,,,,,,,7.8,80,9,"9,744,594",▼,7,01/09/2019,8.7
06/09/2019,The Blue EP,,Death Cab for Cutie,Rock,,EP,21,6.3,21,"""Before the Bombs""",C,A,A,A,B,,,,,,,,,,,,,,,,,,,,,,,,,,,,,,,,,,5.9,,,"3,248,357",▲,7,01/09/2019,
16/08/2019,basking in the glow,,oso oso,Rock,,LP3,36,7.9,63,"""basking in the glow""",*,A,A,A,*,B,C,D,B,B,,,,,,,,,,,,,,,,,,,,,,,,,,,,,8.3,85,,"130,835",▼,5,01/08/2019,
09/08/2019,"i,i",,Bon Iver,Folk/Country,Amb.,LP4,40,6.8,31,"""Salem""",d,C,C,B,A,B,B,*,D,B,*,A,A,,,,,,,,,,,,,,,,,,,,,,,,,,8.8,80,6,"6,889,095",▲,7,01/08/2019,
30/07/2019,OIL OF EVERY...NON-STOP REMIX ALBUM,,SOPHIE,Electronic,Exp.,Remix,95,8.1,68,"""Laser""",B,B,B,B,B,D,C,B,B,A,*,*,A,C,A,A,A,*,*,A,*,A,*,A,A,,,,,,,,,,,,,,,,,"477,522",▼,6,01/09/2019,
26/07/2019,Angels on the Slope    ,,Lisel,Pop,Exp.,LP1,32,7.2,42,"""This Time Tomorrow""",*,B,A,A,*,D,C,C,A,*,,,,,,,,,,,,,,,,,,,,,,,,,,,,,6.8,,,"3,439",▼,4,01/07/2019,
17/07/2019,Flamboyant,,Dorian Electra,Pop,,LP1,32,5.4,11,"""Man to Man""",C,C,C,*,*,D,A,A,C,D,B,,,,,,,,,,,,,,,,,,,,,,,,,,,,,,8,"263,132",▲,5,01/09/2019,
12/07/2019,Building Bridges,,Move D,Electronic,Amb.,LP1,66,7.9,63,"""Dots""",A,A,*,D,B,d,B,*,C,,,,,,,,,,,,,,,,,,,,,,,,,,,,,,7.4,,,"94,969",▲,5,01/09/2019,
12/07/2019,Tracing Back the Radiance,,Jefre Cantu-Ledesma,Contemporary,Amb.,LP,42,7.3,45,"""Joy""",B,*,A,,,,,,,,,,,,,,,,,,,,,,,,,,,,,,,,,,,,8.0,79,,"63,864",,5,01/07/2019,
28/06/2019,Clarity,,Kim Petras,Pop,,LP1,39,3.9,4,"""Icy""",B,A,D,B,C,B,A,A,C,B,C,C,,,,,,,,,,,,,,,,,,,,,,,,,,,7.2,83,6,"2,634,463",▼,6,01/06/2019,
27/06/2019,ANIMA,,Thom Yorke,Experimental,Elec.,LP3,48,8.2,71,"""Twist""",A,A,*,A,*,B,A,*,A,,,,,,,,,,,,,,,,,,,,,,,,,,,,,,8.3,84,7,"1,172,321",▲,6,01/06/2019,
21/06/2019,Help Us Stranger,,The Raconteurs,Rock,,LP3,42,2.0,1,"""Somedays (I Don't Feel Like Trying)""",D,C,C,C,D,B,C,C,C,C,D,D,,,,,,,,,,,,,,,,,,,,,,,,,,,6.4,81,5,"2,150,516",▲,6,01/06/2019,
14/06/2019,Become Desert,,John Luther Adams,Contemporary,Amb.,LP,41,7.4,47,"""Become Desert""",A,,,,,,,,,,,,,,,,,,,,,,,,,,,,,,,,,,,,,,7.6,,,"20,350",▲,4,01/06/2019,
07/06/2019,Erotic Reruns,,Yeasayer,Rock,Pop,LP5,30,6.1,18,"""Crack a Smile""",A,C,*,A,C,B,B,A,A,,,,,,,,,,,,,,,,,,,,,,,,,,,,,,5.5,63,,"506,340",▼,6,01/06/2019,
05/06/2019,Boys by Girls,,instupendo,Electronic,Pop,EP,20,7.5,50,"""Cinderella""",a,A,A,B,B,A,A,,,,,,,,,,,,,,,,,,,,,,,,,,,,,,,,,,,"433,295",▲,6,01/06/2019,
31/05/2019,1000 gecs,,100 gecs,Experimental,Pop,LP1,23,6.8,31,"""money machine""",*,*,A,d,B,B,C,A,A,A,,,,,,,,,,,,,,,,,,,,,,,,,,,,,7.4,,7,"520,561",▼,6,01/07/2019,
17/05/2019,Sule Skerry,,Erland Cooper,Contemporary,,LP2,43,7.4,47,"""Sillocks""",*,C,*,B,A,*,C,C,C,,,,,,,,,,,,,,,,,,,,,,,,,,,,,,,72,,"38,956",▲,5,01/05/2019,
17/05/2019,STET,,Guy Sigsworth,Contemporary,Pop,LP1,53,6.9,34,"""Lydian""",B,*,C,C,B,*,B,*,A,B,D,B,D,A,D,A,,,,,,,,,,,,,,,,,,,,,,,,,,"20,834",▲,4,01/05/2019,
10/05/2019,PROTO,,Holly Herndon,Experimental,,LP3,45,9.7,99,"""Frontier""",b,*,*,A,*,*,*,*,*,c,D,C,*,,,,,,,,,,,,,,,,,,,,,,,,,,8.2,82,5,"59,861",▲,5,01/05/2019,9.7
03/05/2019,U.F.O.F.,,Big Thief,Folk/Country,Rock,LP3,44,7.7,56,"""From""",B,*,A,*,A,A,A,B,A,A,B,D,,,,,,,,,,,,,,,,,,,,,,,,,,,9.2,87,5,"1,731,468",▲,6,01/05/2019,
03/05/2019,Father of the Bride,,Vampire Weekend,Rock,Folk,LP4,58,7.4,47,"""Hold You Now""",*,B,A,B,C,B,A,*,A,B,D,B,D,B,B,A,A,A,,,,,,,,,,,,,,,,,,,,,8.0,82,6,"4,935,045",▼,7,01/05/2019,
03/05/2019,Ecstatic Computation,,Caterina Barbieri,Experimental,Elec.,LP,36,6.7,29,"""Fantas""",A,a,C,A,A,B,,,,,,,,,,,,,,,,,,,,,,,,,,,,,,,,,7.8,,,"71,351",▲,5,01/05/2019,
17/04/2019,Truck Music,,Body Meat,Experimental,Rock,LP1,23,8.2,71,"""Make Up""",B,A,B,A,b,*,*,A,,,,,,,,,,,,,,,,,,,,,,,,,,,,,,,7.5,,,"2,178",▲,3,01/04/2019,
20/03/2019,Hi This Is Flume,,Flume,Electronic,,Mixtape,39,8.6,82,"""Spring""",a,A,*,A,a,A,B,A,A,*,B,A,*,*,A,A,*,,,,,,,,,,,,,,,,,,,,,,7.6,,8,"9,649,885",▼,7,01/03/2019,8.6
01/03/2019,Good at Falling,,The Japanese House,Pop,Rock,LP1,45,8.5,79,"""f a r a w a y""",B,B,A,A,A,*,A,B,D,*,*,*,C,,,,,,,,,,,,,,,,,,,,,,,,,,7.5,82,,"2,028,668",▼,6,01/03/2019,8.5
01/03/2019,Toothsayer,,Tanya Tagaq,Contemporary,,EP,25,5.3,10,"""Hypothermia""",C,B,A,C,A,,,,,,,,,,,,,,,,,,,,,,,,,,,,,,,,,,7.6,,,"16,680",▲,4,01/03/2019,
14/02/2019,archipelago,,machìna,Experimental,Elec.,LP,49,6.3,21,"""moog, monk, modules""",*,A,B,D,C,A,C,B,A,A,,,,,,,,,,,,,,,,,,,,,,,,,,,,,7.4,,,"1,328",▼,3,01/02/2019,
08/02/2019,Buoys,,Panda Bear,Experimental,Rock,LP6,31,8.1,68,"""Cranked""",B,*,A,*,B,A,B,A,B,,,,,,,,,,,,,,,,,,,,,,,,,,,,,,7.6,70,6,"221,605",▲,5,01/02/2019,
08/02/2019,"thank u, next",,Ariana Grande,Pop,,LP5,42,6.4,23,"""make up""",B,B,A,A,C,A,*,A,B,B,C,D,,,,,,,,,,,,,,,,,,,,,,,,,,,7.9,86,8,"40,587,115",▲,8,01/02/2019,
25/01/2019,Isa,,Croatian Amor,Experimental,,LP6,35,6.9,34,"""In World Cell""",D,A,B,c,D,B,A,c,*,,,,,,,,,,,,,,,,,,,,,,,,,,,,,,7.6,78,,"41,337",▼,5,01/01/2019,
18/01/2019,Outer Peace,,Toro y Moi,Pop,,LP6,31,9.1,93,"""New House""",A,B,*,B,*,A,A,*,*,*,,,,,,,,,,,,,,,,,,,,,,,,,,,,,7.4,72,6,"3,196,689",▲,7,01/01/2019,9.1
18/01/2019,Assume Form,,James Blake,Pop,Hip.,LP4,49,8.5,79,"""Into the Red""",A,*,B,*,C,*,A,A,*,B,C,A,,,,,,,,,,,,,,,,,,,,,,,,,,,5.8,80,7,"7,678,805",▲,7,01/01/2019,8.5
18/01/2019,Remind Me Tomorrow,,Sharon Van Etten,Folk/Country,Rock,LP5,42,6.2,20,"""Comeback Kid""",B,B,*,A,A,C,D,B,C,B,,,,,,,,,,,,,,,,,,,,,,,,,,,,,8.4,86,7,"1,975,521",▲,6,01/01/2019,
07/01/2019,sungazer vol. 2,,sungazer,Experimental,,EP,18,5.7,14,"""Drunk""",A,B,B,B,B,,,,,,,,,,,,,,,,,,,,,,,,,,,,,,,,,,,,,"47,474",,5,01/04/2020,
17/12/2018,DISRUPTION,,Lara Sarkissian,Electronic,Amb.,EP,23,7.3,45,"""The Wave's Recountal""",C,*,A,*,A,,,,,,,,,,,,,,,,,,,,,,,,,,,,,,,,,,7.3,,,599,▼,3,01/01/2019,
30/11/2018,A Brief Inquiry into Online Relationships,,The 1975,Rock,Pop,LP3,59,9.3,95,"""I Like America & America Likes Me""",c,A,*,A,*,A,A,*,B,B,*,*,C,*,*,,,,,,,,,,,,,,,,,,,,,,,,8.5,86,6,"11,303,906",▲,7,01/12/2018,9.3
30/11/2018,Foxwarren,,Foxwarren,Folk/Country,,LP1,36,5.5,12,"""To Be""",A,A,A,C,B,A,D,C,C,B,,,,,,,,,,,,,,,,,,,,,,,,,,,,,7.3,78,,"251,079",▲,5,01/12/2018,
09/11/2018,Queen of Golden Dogs,,Vessel,Experimental,Elec.,LP3,44,8.8,87,"""Paplu (Love That Moves the Sun)""",A,*,B,*,*,*,A,*,B,,,,,,,,,,,,,,,,,,,,,,,,,,,,,,8.0,75,,"29,161",▼,4,01/12/2018,8.8
09/11/2018,Simulation Theory,,Muse,Rock,,LP8,43,7.8,59,"""Propaganda""",A,A,B,A,A,A,B,*,A,C,*,,,,,,,,,,,,,,,,,,,,,,,,,,,,6.0,63,5,"8,356,448",▼,7,01/12/2018,
09/11/2018,Cocoon Crush,,Objekt,Electronic,Exp.,LP2,47,5.6,13,"""Secret Snake""",B,B,B,C,B,A,D,B,A,c,A,,,,,,,,,,,,,,,,,,,,,,,,,,,,8.0,87,,"36,919",▼,5,01/12/2018,
02/11/2018,Ultraviolet,,Kelly Moran,Contemporary,,LP3,45,5.6,13,"""Water Music""",C,*,*,B,B,A,B,,,,,,,,,,,,,,,,,,,,,,,,,,,,,,,,7.6,81,,"74,025",▲,5,01/12/2018,
31/10/2018,Am I a Girl?,,Poppy,Pop,,LP2,40,6.8,31,"""Aristocrat""",C,A,C,B,d,B,*,*,A,C,b,B,A,D,,,,,,,,,,,,,,,,,,,,,,,,,,,7,"692,934",,6,01/12/2018,
05/10/2018,Trench,,twenty øne piløts,Hip-Hop,Pop,LP5,57,7.7,56,"""Morph""",C,A,*,A,A,B,B,*,B,A,A,D,D,*,,,,,,,,,,,,,,,,,,,,,,,,,,81,8,"23,183,553",▲,7,01/12/2019,
21/09/2018,Chris,,Christine and the Queens,Pop,,LP2,45,7.6,53,"""Feel so good""",B,A,B,B,C,*,A,B,*,C,A,,,,,,,,,,,,,,,,,,,,,,,,,,,,7.9,89,,"2,800,091",▼,6,01/03/2019,
14/09/2018,Double Negative,,Low,Rock,,LP12,49,9.2,94,"""Always Trying to Work It Out""",*,*,A,*,*,*,a,A,A,*,*,,,,,,,,,,,,,,,,,,,,,,,,,,,,8.7,86,,"402,676",▲,6,01/06/2018,9.2
14/09/2018,RuneScape,,Ian Taylor,Contemporary,Folk,OST,75,4.5,6,"""Al Kharid""",C,B,C,B,D,C,C,A,B,B,C,D,D,B,C,C,B,D,C,D,D,B,D,D,,,,,,,,,,,,,,,,,,"44,181",▼,5,01/02/2020,
04/09/2018,Safe in the Hands of Love,,Yves Tumor,Experimental,Pop,LP3,42,8.8,87,"""Let the Lioness in You Flow Freely""",c,A,A,*,*,B,A,B,*,*,,,,,,,,,,,,,,,,,,,,,,,,,,,,,9.1,87,7,"893,233",▲,6,01/06/2018,8.8
31/08/2018,Bloom,,Troye Sivan,Pop,,LP2,37,7.2,42,"""Bloom""",A,A,D,*,*,B,*,B,C,D,,,,,,,,,,,,,,,,,,,,,,,,,,,,,7.5,85,,"16,740,757",▲,7,01/01/2019,
31/08/2018,Hunter,,Anna Calvi,Rock,,LP3,44,6.8,31,"""Away""",C,B,C,A,B,A,A,A,*,B,,,,,,,,,,,,,,,,,,,,,,,,,,,,,7.8,84,,"291,797",▼,5,01/06/2018,
17/08/2018,Be the Cowboy,,Mitski,Folk/Country,Rock,LP5,33,8.0,65,"""Me and My Husband""",B,A,B,A,A,A,*,B,*,A,*,A,A,B,,,,,,,,,,,,,,,,,,,,,,,,,8.8,87,6,"1,523,666",▼,6,01/06/2018,
17/08/2018,Sweetener,,Ariana Grande,Pop,,LP4,48,7.9,63,"""no tears left to cry""",c,A,B,A,A,B,A,B,*,*,A,A,A,*,C,,,,,,,,,,,,,,,,,,,,,,,,8.1,81,7,"40,587,115",▲,8,01/06/2018,
17/08/2018,Thank You for Today,,Death Cab for Cutie,Rock,,LP9,39,1.4,0,"""Your Hurricane""",D,D,C,B,C,C,D,C,D,B,,,,,,,,,,,,,,,,,,,,,,,,,,,,,6.0,69,,"3,248,357",▲,7,01/06/2018,
10/08/2018,Devotion,,Tirzah,Experimental,Pop,LP1,39,8.1,68,"""Devotion""",B,B,A,B,B,C,*,*,*,*,B,,,,,,,,,,,,,,,,,,,,,,,,,,,,8.3,80,,"481,889",▲,6,01/06/2018,
13/07/2018,Lamp Lit Prose,,Dirty Projectors,Rock,Exp.,LP8,38,7.3,45,"""That's a Lifestyle""",C,B,*,A,A,A,A,A,B,D,,,,,,,,,,,,,,,,,,,,,,,,,,,,,7.4,77,6,"707,335",▲,6,01/09/2019,
29/06/2018,High As Hope,,Florence + the Machine,Pop,Rock,LP4,40,7.3,45,"""The End of Love""",B,*,B,C,A,A,*,B,*,B,,,,,,,,,,,,,,,,,,,,,,,,,,,,,5.7,75,7,"9,938,580",▲,7,01/06/2018,
22/06/2018,Beautifully Broken,,plumb,Worship,Pop,LP8,42,7.5,50,"""Crazy About You""",C,A,*,A,B,C,A,A,A,A,*,,,,,,,,,,,,,,,,,,,,,,,,,,,,,,,"569,872",▼,6,01/06/2018,
22/06/2018,Come to Canada You Will Like It,,Project Pablo,Electronic,,LP,40,6.2,20,"""No Interest""",a,*,B,B,A,a,A,C,A,B,,,,,,,,,,,,,,,,,,,,,,,,,,,,,5.9,,,"217,764",▲,5,01/11/2019,
15/06/2018,OIL OF EVERY PEARL'S UN-INSIDES,,SOPHIE,Experimental,Pop,LP1,40,9.4,97,"""Immaterial""",*,B,A,B,A,A,A,*,A,,,,,,,,,,,,,,,,,,,,,,,,,,,,,,8.6,86,8,"477,522",▼,6,01/06/2018,9.4
01/06/2018,Age Of,,Oneohtrix Point Never,Experimental,,LP8,43,7.3,45,"""The Station""",B,B,a,*,B,*,d,C,C,*,B,A,B,,,,,,,,,,,,,,,,,,,,,,,,,,7.8,83,6,"633,920",▲,6,01/04/2019,
15/05/2018,Compro,,Skee Mask,Electronic,Amb.,LP2,65,7.9,63,"""Session Add""",*,*,A,B,B,B,B,B,A,A,A,A,,,,,,,,,,,,,,,,,,,,,,,,,,,8.6,,,"209,589",▲,5,01/06/2018,
11/05/2018,7,,Beach House,Rock,Pop,LP7,48,5.3,10,"""Dive""",C,B,B,A,D,*,B,A,D,B,A,,,,,,,,,,,,,,,,,,,,,,,,,,,,8.9,80,7,"2,447,735",▲,6,01/06/2018,
04/05/2018,Singularity,,Jon Hopkins,Electronic,Amb.,LP5,63,9.5,98,"""Luminous Beings""",*,*,A,A,*,*,C,*,*,,,,,,,,,,,,,,,,,,,,,,,,,,,,,,8.3,84,7,"2,219,308",▲,6,01/06/2018,9.5
04/05/2018,Knock Knock,,DJ Koze,Electronic,,LP3,79,7.4,47,"""Moving in a Liquid""",C,A,*,A,D,C,A,*,B,B,A,C,B,A,B,*,,,,,,,,,,,,,,,,,,,,,,,8.8,85,,"1,366,321",▲,6,01/02/2019,
27/04/2018,Dirty Computer,,Janelle Monáe,Pop,,LP3,49,6.7,29,"""Django Jane""",B,D,D,c,C,*,B,A,A,*,B,c,*,A,,,,,,,,,,,,,,,,,,,,,,,,,7.7,87,8,"2,297,689",▼,6,01/12/2018,
30/03/2018,Golden Hour,,Kacey Musgraves,Folk/Country,,LP4,46,5.7,14,"""Oh, What a World""",*,A,B,*,b,A,C,C,D,C,A,C,B,,,,,,,,,,,,,,,,,,,,,,,,,,8.7,89,4,"7,169,791",▲,7,01/12/2018,
23/03/2018,Boarding House Reach,,Jack White,Rock,Exp.,LP3,45,4.2,5,"""Corporation""",D,D,A,c,D,A,C,D,D,d,D,D,B,,,,,,,,,,,,,,,,,,,,,,,,,,4.7,74,9,"1,186,632",▼,6,01/12/2017,
03/03/2018,Clean,,Soccer Mommy,Rock,,LP1,35,8.4,77,"""Wildflowers""",*,A,*,A,*,C,B,*,c,*,,,,,,,,,,,,,,,,,,,,,,,,,,,,,8.4,78,,"1,145,892",▼,6,01/12/2017,8.4
02/03/2018,"Everything Was Beautiful, and Nothing Hurt",,Moby,Electronic,Pop,LP15,57,5.9,16,"""Like a Motherless Child""",C,C,A,B,B,A,B,B,C,A,B,C,,,,,,,,,,,,,,,,,,,,,,,,,,,5.7,75,,"4,446,966",▲,7,01/12/2017,
16/02/2018,"By the Way, I Forgive You",,Brandi Carlile,Folk/Country,,LP6,44,7.3,45,"""Whatever You Do""",A,C,A,A,*,B,B,A,A,B,,,,,,,,,,,,,,,,,,,,,,,,,,,,,6.9,74,,"3,360,417",▲,7,01/12/2017,
15/12/2017,POP2,,Charli XCX,Pop,Exp.,Mixtape,41,9.0,91,"""Femmebot""",*,*,A,A,D,*,B,*,B,*,,,,,,,,,,,,,,,,,,,,,,,,,,,,,8.4,84,7,"9,744,594",▼,7,01/04/2019,9.0
08/12/2017,The Greatest Showman,,Various Artists,Pop,,OST,40,2.6,1,"""From Now On""",D,C,d,D,C,B,C,B,C,b,A,,,,,,,,,,,,,,,,,,,,,,,,,,,,,,,,,,01/06/2018,
24/11/2017,Utopia,,björk,Experimental,Cont.,LP9,72,10,100,"""courtship""",*,*,*,*,*,*,*,*,*,*,*,a,*,*,,,,,,,,,,,,,,,,,,,,,,,,,8.4,82,7,"1,743,001",▲,6,01/12/2017,10.0
10/11/2017,Coco,,Various Artists,Pop,,OST,21,7.5,50,"""Proud Corazón""",A,A,B,*,C,A,D,B,C,*,,,,,,,,,,,,,,,,,,,,,,,,,,,,,,,,,,,01/12/2017,
06/10/2017,Take Me Apart,,Kelela,Pop,,LP1,54,7.5,50,"""Better""",C,B,D,B,*,*,*,B,B,*,*,C,c,A,,,,,,,,,,,,,,,,,,,,,,,,,8.6,84,8,"511,371",▼,6,01/12/2017,
29/09/2017,Mary Casio: Journey to Cassiopeia,,Hannah Peel,Contemporary,Elec.,LP3,37,8.1,68,"""The Planet of Passed Souls""",C,B,A,B,A,A,A,,,,,,,,,,,,,,,,,,,,,,,,,,,,,,,,,82,,"50,093",▲,5,01/12/2018,
29/09/2017,New Energy,,Four Tet,Electronic,Amb.,LP9,57,7.2,42,"""Lush""",d,*,A,a,*,C,c,A,A,d,C,A,c,A,,,,,,,,,,,,,,,,,,,,,,,,,8.0,86,,"2,183,032",▼,6,01/04/2019,
22/09/2017,Wonderful Wonderful,,The Killers,Rock,Pop,LP5,44,7.8,59,"""Rut""",D,*,*,*,*,B,A,A,D,C,,,,,,,,,,,,,,,,,,,,,,,,,,,,,6.3,71,6,"14,572,879",▲,7,01/06/2017,
15/09/2017,The Darker the Night / The Brighter the...,,Cody Carnes,Worship,Pop,LP1,49,7.2,42,"""Full of Faith""",B,A,A,D,A,A,B,B,D,A,A,C,,,,,,,,,,,,,,,,,,,,,,,,,,,,,,"1,776,594",▲,6,01/03/2020,
15/08/2017,Heavy Black Heart,,death's dynamic shroud,Experimental,Elec.,LP,48,7.6,53,"""Nothing Like This World""",*,B,*,*,*,B,D,C,A,B,,,,,,,,,,,,,,,,,,,,,,,,,,,,,,,,"31,244",▼,4,01/01/2020,
28/07/2017,Everything Now,,Arcade Fire,Rock,,LP5,48,8.4,77,"""Put Your Money on Me""",a,A,A,C,*,A,d,c,*,A,*,A,*,,,,,,,,,,,,,,,,,,,,,,,,,,5.6,66,4,"4,322,759",▲,7,01/06/2017,8.4
14/07/2017,Mura Masa,,Mura Masa,Pop,Hip.,LP1,46,5.9,16,"""Second 2 None""",*,D,C,B,D,b,C,A,B,C,*,B,C,,,,,,,,,,,,,,,,,,,,,,,,,,7.7,78,,"4,340,999",▼,7,01/03/2019,
14/07/2017,Kaleidoscope,,Coldplay,Pop,Rock,EP,25,4.6,6,"""A L I E N S""",B,B,A,A,C,,,,,,,,,,,,,,,,,,,,,,,,,,,,,,,,,,5.8,63,,"33,025,697",▲,8,01/06/2017,
30/06/2017,Reflections – Mojave Desert,,Floating Points,Electronic,Rock,EP,29,4.9,8,"""Silurian Blue""",b,B,B,C,B,,,,,,,,,,,,,,,,,,,,,,,,,,,,,,,,,,7.3,76,,"720,875",▲,6,01/07/2019,
16/06/2017,Melodrama,,Lorde,Pop,,LP2,41,4.3,5,"""Green Light""",A,C,B,B,D,C,B,B,C,C,A,,,,,,,,,,,,,,,,,,,,,,,,,,,,8.8,91,7,"11,358,072",▲,7,01/12/2018,
02/06/2017,Dua Lipa,,Dua Lipa,Pop,,LP1,41,6.5,25,"""Be the One""",C,B,C,A,A,C,A,C,C,B,C,A,,,,,,,,,,,,,,,,,,,,,,,,,,,,72,,"58,591,844",,8,01/02/2020,
12/05/2017,Harry Styles,,Harry Styles,Rock,,LP1,41,6.7,29,"""Sweet Creature""",A,C,B,A,A,B,D,C,B,*,,,,,,,,,,,,,,,,,,,,,,,,,,,,,6.8,68,4,"29,284,762",▼,7,01/12/2019,
05/05/2017,Compassion,,Forest Swords,Experimental,Cont.,LP2,48,7.6,53,"""Raw Language""",A,*,B,B,A,B,A,b,*,C,,,,,,,,,,,,,,,,,,,,,,,,,,,,,7.8,82,8,"155,930",,5,01/04/2020,
14/04/2017,DAMN.,,Kendrick Lamar,Hip-Hop,,LP4,55,7.5,50,"""DUCKWORTH.""",a,A,A,B,A,B,B,B,C,A,B,D,D,A,,,,,,,,,,,,,,,,,,,,,,,,,9.2,95,7,"23,208,340",▼,7,01/06/2018,
24/03/2017,Kelly Lee Owens,,Kelly Lee Owens,Electronic,,LP1,47,7.6,53,"""Arthur""",A,A,A,A,B,A,A,A,A,C,,,,,,,,,,,,,,,,,,,,,,,,,,,,,8.0,79,,"360,591",▼,6,01/03/2020,
17/03/2017,PARADISE,,ANOHNI,Pop,Exp.,EP,23,8.3,74,"""YOU ARE MY ENEMY""",A,*,A,*,C,*,,,,,,,,,,,,,,,,,,,,,,,,,,,,,,,,,7.7,80,,"92,424",▲,5,01/05/2020,
17/03/2017,mono no aware,,Various Artists,Ambient,,Comp.,77,8.0,65,"""Zhao Hua""",*,*,A,D,A,*,B,C,D,A,C,B,*,C,A,*,,,,,,,,,,,,,,,,,,,,,,,8.6,,,,,,01/10/2019,
10/03/2017,Number 1 Angel,,Charli XCX,Pop,,Mixtape,38,7.9,63,"""3AM (Pull Up)""",A,*,A,D,C,A,C,*,*,*,,,,,,,,,,,,,,,,,,,,,,,,,,,,,6.3,73,7,"9,744,594",▼,7,01/09/2019,
03/03/2017,÷,,Ed Sheeran,Pop,,LP3,47,2.2,1,"""Eraser""",A,B,D,C,D,C,D,D,D,D,D,A,,,,,,,,,,,,,,,,,,,,,,,,,,,2.8,62,4,"54,257,385",▼,8,01/09/2019,
21/02/2017,Dirty Projectors,,Dirty Projectors,Experimental,Pop,LP7,49,9.1,93,"""Winner Take Nothing""",A,A,A,*,*,*,B,*,D,,,,,,,,,,,,,,,,,,,,,,,,,,,,,,7.8,77,7,"707,335",▲,6,01/08/2019,9.1
03/02/2017,Little Fictions,,elbow,Rock,,LP7,49,8.2,71,"""Head for Supplies""",B,A,A,A,*,A,B,*,*,,,,,,,,,,,,,,,,,,,,,,,,,,,,,,7.1,80,,"1,250,617",▲,6,01/12/2016,
03/02/2017,The Garden,,Kari Jobe,Worship,,LP4 (D),75,7.7,56,"""The Garden""",*,D,D,A,*,B,A,D,*,*,A,B,B,*,,,,,,,,,,,,,,,,,,,,,,,,,,,,"2,018,946",▲,6,01/12/2016,
13/01/2017,I See You,,The xx,Pop,Rock,LP3,40,8.6,82,"""Say Something Loving""",A,*,A,A,D,A,A,B,*,*,,,,,,,,,,,,,,,,,,,,,,,,,,,,,8.4,85,6,"4,434,123",▲,7,01/12/2016,8.6
09/12/2016,La La Land,,Various Artists,Pop,Cont.,OST,46,6.6,27,"""A Lovely Night""",B,B,b,A,c,B,B,D,C,B,c,*,A,a,C,,,,,,,,,,,,,,,,,,,,,,,,,,,,,,01/12/2016,
19/11/2016,Moana,,Various Artists,Pop,Cont.,OST,31,7.9,63,"""Where You Are""",a,A,*,A,*,a,A,A,C,A,a,a,D,D,,,,,,,,,,,,,,,,,,,,,,,,,,,,,,,01/12/2016,
18/11/2016,XXIVK Magic,,Bruno Mars,Pop,,LP3,34,4.5,6,"""Versace on the Floor""",B,B,C,A,A,D,A,A,C,,,,,,,,,,,,,,,,,,,,,,,,,,,,,,6.2,70,7,"31,893,449",▼,8,01/06/2017,
21/10/2016,Citizen of Glass,,Agnes Obel,Folk/Country,Cont.,LP3,41,8.4,77,"""Familiar""",A,*,B,A,A,A,*,*,*,C,,,,,,,,,,,,,,,,,,,,,,,,,,,,,,82,,"1,633,486",▼,6,01/12/2017,
14/10/2016,popp,,Oval,Experimental,Elec.,LP16,44,7.4,47,"""lo""",C,D,A,A,*,*,C,C,C,A,A,,,,,,,,,,,,,,,,,,,,,,,,,,,,7.5,,,"15,999",▼,4,01/06/2019,
30/09/2016,"22, A Million",,Bon Iver,Folk/Country,Exp.,LP3,35,8.1,68,"""715 - CR∑∑KS""",A,A,*,B,A,A,A,B,D,A,,,,,,,,,,,,,,,,,,,,,,,,,,,,,9.0,87,5,"6,889,095",▲,7,01/12/2016,
23/09/2016,Heads Up,,Warpaint,Rock,,LP3,52,9.4,97,"""So Good""",A,*,A,*,*,*,*,A,C,B,*,,,,,,,,,,,,,,,,,,,,,,,,,,,,6.7,74,,"699,899",▼,6,01/06/2016,9.4
16/09/2016,We Are the Halluci Nation,,A Tribe Called Red,Hip-Hop,Pop,LP3,51,4.1,4,"""For You (The Light, Pt. 2)""",C,C,B,c,B,A,B,D,B,B,C,C,*,A,c,,,,,,,,,,,,,,,,,,,,,,,,8.1,,,"175,913",▼,5,01/06/2018,
09/09/2016,Skeleton Tree,,Nick Cave & The Bad Seeds,Rock,Exp.,LP16,40,6.9,34,"""Distant Sky""",A,B,A,C,B,B,*,C,,,,,,,,,,,,,,,,,,,,,,,,,,,,,,,9.0,95,8,"2,558,500",▲,6,01/12/2018,
12/08/2016,Songs I-V,,Rocks & Waves Song Circle,Folk/Country,,LP1,39,7.5,50,"""II""",A,*,A,C,B,,,,,,,,,,,,,,,,,,,,,,,,,,,,,,,,,,,,,"11,060",▲,4,01/08/2019,
05/08/2016,Boy King,,Wild Beasts,Rock,,LP5,40,8.6,82,"""Alpha Female""",B,*,*,C,*,A,A,A,B,A,,,,,,,,,,,,,,,,,,,,,,,,,,,,,6.8,78,,"166,547",▲,5,01/06/2016,8.6
26/07/2016,Rain Temple,,２８１４,Electronic,Amb.,LP3,66,8.2,71,"""Lost in a Dream""",A,B,*,A,C,A,C,*,,,,,,,,,,,,,,,,,,,,,,,,,,,,,,,,,6,"72,201",▲,5,01/12/2018,
28/06/2016,Freetown Sound,,Blood Orange,Pop,,LP3,59,7.2,42,"""Love Ya""",a,B,B,A,b,A,*,A,B,A,C,C,B,A,B,A,C,,,,,,,,,,,,,,,,,,,,,,8.8,82,6,"2,172,665",,6,01/05/2020,
13/05/2016,Coloring Book,,Chance the Rapper,Hip-Hop,,Mixtape,58,8.0,65,"""Juke Jam""",B,B,*,b,C,A,D,C,*,A,B,*,B,A,,,,,,,,,,,,,,,,,,,,,,,,,9.1,89,7,"11,477,654",▼,7,01/03/2019,
08/05/2016,A Moon Shaped Pool,,Radiohead,Rock,,LP9,53,9.6,99,"""Desert Island Disk""",B,A,*,*,A,*,A,*,A,*,D,,,,,,,,,,,,,,,,,,,,,,,,,,,,9.1,88,8,"11,166,389",▲,7,01/06/2016,9.6
06/05/2016,HOPELESSNESS,,ANOHNI,Pop,Exp.,LP1,42,7.9,63,"""4 DEGREES""",A,A,D,A,B,A,*,A,B,B,B,,,,,,,,,,,,,,,,,,,,,,,,,,,,9.0,83,6,"92,424",▲,5,01/06/2017,
29/04/2016,Interventions,,Horse Lords,Experimental,Rock,LP3,44,6.4,23,"""Encounter I / Transfinite Flow""",B,A,B,A,B,B,B,A,b,,,,,,,,,,,,,,,,,,,,,,,,,,,,,,7.9,,,"31,128",▲,4,01/03/2020,
23/04/2016,Lemonade,,Beyoncé,Pop,,LP6,46,6.5,25,"""Hold Up""",B,*,B,A,B,C,A,B,B,C,*,B,,,,,,,,,,,,,,,,,,,,,,,,,,,8.5,92,8,"35,557,249",▲,8,01/06/2017,
08/04/2016,Junk,,M83,Pop,,LP7,56,4.1,4,"""Walkway Blues""",B,B,A,D,c,A,A,b,A,B,b,B,C,b,A,,,,,,,,,,,,,,,,,,,,,,,,6.8,66,3,"5,626,224",▲,7,01/06/2016,
01/04/2016,Amen & Goodbye,,Yeasayer,Rock,Pop,LP4,40,9.3,95,"""Prophecy Gun""",*,A,A,*,A,*,a,A,c,A,*,*,a,,,,,,,,,,,,,,,,,,,,,,,,,,5.4,70,,"506,340",▼,6,01/06/2016,9.3
26/02/2016,"I like it when you sleep, for you are so...",,The 1975,Rock,Pop,LP2,74,7.2,42,"""I like it when you sleep, for you are so beautiful yet so unaware of it""",c,D,B,A,A,C,C,B,A,A,A,*,A,*,A,*,D,,,,,,,,,,,,,,,,,,,,,,6.5,75,4,"11,303,906",▲,7,01/10/2019,
19/02/2016,Deeper,,Meredith Andrews,Worship,,LP5,47,7.1,39,"""Impossible""",D,C,A,*,*,A,A,D,*,C,B,,,,,,,,,,,,,,,,,,,,,,,,,,,,,,,"350,203",▼,6,01/06/2016,
08/01/2016,★,,David Bowie,Rock,Exp.,LP25,42,8.2,71,"""★""",*,A,A,A,A,C,*,,,,,,,,,,,,,,,,,,,,,,,,,,,,,,,,8.5,87,9,"14,301,983",▲,7,01/12/2015,
04/12/2015,A Head Full of Dreams,,Coldplay,Pop,Rock,LP7,46,6.1,18,"""Army of One""",B,C,A,*,A,B,c,A,*,c,D,,,,,,,,,,,,,,,,,,,,,,,,,,,,4.8,60,5,"33,025,697",▲,8,01/12/2015,
04/12/2015,Blue Neighbourhood,,Troye Sivan,Pop,,LP1,37,4.8,8,"""HEAVEN""",C,B,B,B,C,A,B,C,C,B,,,,,,,,,,,,,,,,,,,,,,,,,,,,,,80,,"16,740,757",▲,7,01/05/2020,
27/11/2015,PRODUCT,,SOPHIE,Experimental,Elec.,Comp.,26,7.4,47,"""JUST LIKE WE NEVER SAID GOODBYE""",A,B,C,A,B,A,C,*,,,,,,,,,,,,,,,,,,,,,,,,,,,,,,,6.6,74,8,"477,522",▼,6,01/05/2020,
20/11/2015,25,,Adele,Pop,,LP3,49,7.1,39,"""When We Were Young""",B,A,B,*,B,B,B,A,A,A,A,,,,,,,,,,,,,,,,,,,,,,,,,,,,7.3,75,7,"22,039,209",▼,7,01/12/2015,
13/11/2015,Garden of Delete,,Oneohtrix Point Never,Experimental,,LP7,46,5.4,11,"""Child of Rage""",b,A,c,B,c,A,A,B,D,B,D,B,,,,,,,,,,,,,,,,,,,,,,,,,,,8.7,79,8,"633,920",▲,6,01/10/2019,
06/11/2015,Elaenia,,Floating Points,Electronic,Rock,LP1,43,6.9,34,"""Nespole""",*,C,C,*,A,C,B,,,,,,,,,,,,,,,,,,,,,,,,,,,,,,,,8.4,85,,"720,875",▲,6,01/07/2019,
16/10/2015,Thank Your Lucky Stars,,Beach House,Rock,Pop,LP6,41,8.7,84,"""Majorette""",A,B,B,A,B,A,*,*,C,,,,,,,,,,,,,,,,,,,,,,,,,,,,,,8.1,80,5,"2,447,735",▲,6,01/12/2015,
09/10/2015,Hallucinogen,,Kelela,Pop,,EP,24,7.8,59,"""All the Way Down""",B,A,B,*,D,*,,,,,,,,,,,,,,,,,,,,,,,,,,,,,,,,,8.3,78,,"511,371",▼,6,01/09/2019,
25/09/2015,Majestic: Revisited,,Kari Jobe,Worship,Elec.,LP3,70,9.8,100,"""Only Your Love""",*,*,*,*,B,*,*,*,a,A,*,*,*,,,,,,,,,,,,,,,,,,,,,,,,,,,,,"2,018,946",▲,6,01/12/2015,9.8
28/08/2015,Depression Cherry,,Beach House,Rock,Pop,LP5,45,8.3,74,"""Levitation""",*,A,B,A,*,C,A,*,*,,,,,,,,,,,,,,,,,,,,,,,,,,,,,,8.4,76,6,"2,447,735",▲,6,01/06/2015,
24/07/2015,Lost Worker Bee,,elbow,Rock,,EP,19,7.1,39,"""Lost Worker Bee""",*,B,A,A,,,,,,,,,,,,,,,,,,,,,,,,,,,,,,,,,,,,,,"1,250,617",▲,6,01/06/2015,
17/07/2015,Currents,,Tame Impala,Rock,Pop,LP3,52,8.7,84,"""New Person, Same Old Mistakes""",*,d,A,B,*,c,*,A,*,*,C,A,*,,,,,,,,,,,,,,,,,,,,,,,,,,9.3,84,7,"12,562,789",▼,7,01/12/2017,
21/06/2015,Morning/Evening,,Four Tet,Electronic,,LP8,41,7.8,59,"""Morning Side""",A,A,,,,,,,,,,,,,,,,,,,,,,,,,,,,,,,,,,,,,7.7,77,,"2,183,032",▼,6,01/12/2018,
15/06/2015,Unbroken Praise,,Matt Redman,Worship,,Live,58,6.4,23,"""Abide with Me""",A,B,D,C,*,B,B,A,C,D,A,,,,,,,,,,,,,,,,,,,,,,,,,,,,,,,"1,406,671",▼,6,01/12/2015,
05/06/2015,Drones,,Muse,Rock,,LP7,53,6.3,21,"""Defector""",A,c,D,A,B,C,a,A,C,*,A,A,,,,,,,,,,,,,,,,,,,,,,,,,,,4.5,63,5,"8,356,448",▼,7,01/06/2015,
29/05/2015,"How Big, How Blue, How Beautiful",,Florence + the Machine,Pop,Rock,LP3 (D),61,9.2,94,"""Queen of Peace""",A,B,*,*,*,C,*,*,A,*,B,*,A,*,,,,,,,,,,,,,,,,,,,,,,,,,7.6,77,7,"9,938,580",▲,7,01/06/2015,9.2
29/05/2015,In Colour,,Jamie xx,Electronic,,LP1,43,8.3,74,"""Girl""",*,A,A,D,a,A,A,*,D,A,*,,,,,,,,,,,,,,,,,,,,,,,,,,,,9.3,87,7,"2,755,174",▲,6,01/06/2015,
19/05/2015,Platform,,Holly Herndon,Experimental,,LP2,50,9.4,97,"""Unequal""",*,C,*,*,*,*,D,A,C,*,,,,,,,,,,,,,,,,,,,,,,,,,,,,,8.7,81,6,"59,861",▲,5,01/12/2016,9.4
19/05/2015,From Kinshasa,,Mbongwana Star,Experimental,,LP1,48,7.0,36,"""Coco Blues""",b,B,A,A,A,B,B,A,D,C,,,,,,,,,,,,,,,,,,,,,,,,,,,,,,88,,"17,836",▲,4,01/06/2015,
19/05/2015,Orphan Black,,Trevor Yuile,Electronic,,OST,46,7.0,36,"""Endless Forms Most Beautiful""",b,A,B,C,C,C,C,B,B,B,B,C,C,C,B,B,B,B,B,B,*,,,,,,,,,,,,,,,,,,,,,"8,560",▲,4,01/06/2015,
15/05/2015,The Desired Effect,,Brandon Flowers,Pop,,LP2,40,7.7,56,"""Between Me and You""",B,A,A,*,*,A,C,A,A,B,,,,,,,,,,,,,,,,,,,,,,,,,,,,,5.6,75,,"538,056",▲,6,01/12/2015,
04/05/2015,Exhale,,plumb,Worship,,LP7,51,7.1,39,"""Restored""",B,A,A,A,A,A,B,A,B,A,C,A,,,,,,,,,,,,,,,,,,,,,,,,,,,,,,"569,872",▼,6,01/06/2015,
17/04/2015,Sound & Color,,Alabama Shakes,Rock,Folk,LP2,48,7.7,56,"""Guess Who""",A,B,A,A,A,B,*,B,B,C,A,C,,,,,,,,,,,,,,,,,,,,,,,,,,,8.1,80,8,"2,294,678",▲,6,01/06/2015,
07/04/2015,What For?,,Toro y Moi,Rock,Pop,LP4,37,6.8,31,"""Spell It Out""",C,A,A,A,A,B,A,D,C,A,,,,,,,,,,,,,,,,,,,,,,,,,,,,,6.6,72,7,"3,196,689",▲,7,01/01/2020,
31/03/2015,Kintsugi,,Death Cab for Cutie,Rock,,LP8,45,7.1,39,"""Everything's a Ceiling""",A,B,A,A,B,B,*,A,C,B,C,,,,,,,,,,,,,,,,,,,,,,,,,,,,5.5,67,5,"3,248,357",▲,7,01/12/2014,
03/03/2015,The Firewatcher's Daughter,,Brandi Carlile,Folk/Country,Rock,LP5,43,8.2,71,"""I Belong to You""",B,*,A,D,*,*,A,*,D,C,A,A,,,,,,,,,,,,,,,,,,,,,,,,,,,,76,,"3,360,417",▲,7,01/12/2015,
21/01/2015,新しい日の誕生,,２８１４,Ambient,,LP2,68,8.9,89,"""遠くの愛好家""",*,*,A,A,A,*,A,A,,,,,,,,,,,,,,,,,,,,,,,,,,,,,,,,,,"72,201",▲,5,01/06/2018,8.9
20/01/2015,Vulnicura,,björk,Experimental,Cont.,LP8,59,9.6,98,"""family""",*,A,*,*,*,A,*,*,B,,,,,,,,,,,,,,,,,,,,,,,,,,,,,,8.6,87,8,"1,743,001",▲,6,01/12/2014,9.6
09/01/2015,Panda Bear Meets the Grim Reaper,,Panda Bear,Experimental,Rock,LP5,52,7.6,53,"""Boys Latin""",A,A,a,A,A,A,A,A,a,A,A,A,C,,,,,,,,,,,,,,,,,,,,,,,,,,8.7,82,4,"221,605",▲,5,01/12/2019,
15/12/2014,SUCKER,,Charli XCX,Pop,Rock,LP2,41,5.8,15,"""Gold Coins""",D,A,C,D,*,C,A,D,C,B,C,C,*,,,,,,,,,,,,,,,,,,,,,,,,,,7.6,75,,"9,744,594",▼,7,01/05/2020,
17/11/2014,Soundtrack to a Death,,Mura Masa,Electronic,Hip.,Mixtape,42,6.8,31,"""Shibuya""",a,A,A,B,A,C,B,A,C,D,A,C,C,B,,,,,,,,,,,,,,,,,,,,,,,,,,,,"4,340,999",▼,7,01/03/2020,
07/11/2014,The Inevitable End,,Röyksopp,Electronic,Pop,LP5 (D),84,7.7,56,"""Something in My Heart""",D,B,B,*,*,A,*,A,A,A,C,B,C,B,b,d,*,,,,,,,,,,,,,,,,,,,,,,5.9,75,,"1,672,533",▼,6,01/06/2017,
25/10/2014,２８１４,,２８１４,Ambient,,LP1,79,6.4,23,"""Mishazawa""",B,B,A,A,B,A,B,A,,,,,,,,,,,,,,,,,,,,,,,,,,,,,,,,,6,"72,201",▲,5,01/03/2020,
26/09/2014,Tomorrow's Modern Boxes,,Thom Yorke,Experimental,Rock,LP2,39,5.6,13,"""Interference""",C,B,A,B,B,C,d,A,,,,,,,,,,,,,,,,,,,,,,,,,,,,,,,6.3,72,6,"1,172,321",▲,6,01/04/2020,
24/09/2014,DARK WEB,,Giant Claw,Experimental,Elec.,LP,42,6.3,21,"""DARK WEB 006""",C,C,A,B,C,A,A,B,,,,,,,,,,,,,,,,,,,,,,,,,,,,,,,,,,,,,01/05/2020,
12/09/2014,"Punish, Honey",,Vessel,Electronic,Exp.,LP2,40,9.1,93,"""DPM""",b,A,*,A,A,B,*,a,*,,,,,,,,,,,,,,,,,,,,,,,,,,,,,,7.3,81,,"29,161",▼,4,01/07/2019,9.1
06/08/2014,LP1,,FKA twigs,Pop,,LP1,41,7.9,63,"""Pendulum""",a,*,C,A,*,C,B,*,A,A,,,,,,,,,,,,,,,,,,,,,,,,,,,,,8.8,86,8,"1,280,057",▼,6,01/12/2017,
15/07/2014,Strange Weather,,Anna Calvi,Rock,,EP,22,7.0,36,"""Strange Weather""",A,C,C,*,B,,,,,,,,,,,,,,,,,,,,,,,,,,,,,,,,,,6.3,,,"291,797",▼,5,01/05/2020,
10/06/2014,Lazaretto,,Jack White,Rock,Folk,LP2,40,7.7,56,"""Lazaretto""",C,A,A,B,A,D,A,A,A,A,C,,,,,,,,,,,,,,,,,,,,,,,,,,,,7.1,80,5,"1,186,632",▼,6,01/06/2014,
30/05/2014,New Eyes,,Clean Bandit,Pop,Elec.,LP1,51,4.7,7,"""Rather Be""",A,A,B,A,C,C,B,D,B,C,B,D,C,,,,,,,,,,,,,,,,,,,,,,,,,,,59,,"17,555,797",▼,7,01/06/2014,
16/05/2014,Ghost Stories,,Coldplay,Pop,Rock,LP6 (D),50,8.7,84,"""Midnight""",*,*,A,A,*,A,A,B,A,*,A,*,a,,,,,,,,,,,,,,,,,,,,,,,,,,4.4,61,4,"33,025,697",▲,8,01/06/2014,
13/05/2014,Lighght,,Kishi Bashi,Folk/Country,Cont.,LP2,38,6.5,25,"""Once Upon a Lucid Dream (in Afrikaans)""",b,B,C,A,B,a,A,*,B,B,B,,,,,,,,,,,,,,,,,,,,,,,,,,,,,71,,"706,083",▲,6,01/12/2016,
25/03/2014,Majestic,,Kari Jobe,Worship,,Live,84,6.6,27,"""Look Upon the Lord""",B,D,A,A,B,A,*,B,A,D,C,*,*,,,,,,,,,,,,,,,,,,,,,,,,,,,,,"2,018,946",▲,6,01/06/2014,
10/03/2014,The Take Off and Landing of Everything,,elbow,Rock,,LP6,57,7.9,63,"""This Blue World""",*,A,*,*,A,D,B,A,B,A,,,,,,,,,,,,,,,,,,,,,,,,,,,,,6.2,80,,"1,250,617",▲,6,01/12/2013,
24/02/2014,Present Tense,,Wild Beasts,Pop,Rock,LP4,41,8.4,77,"""Palace""",B,B,A,B,A,A,*,A,A,*,*,,,,,,,,,,,,,,,,,,,,,,,,,,,,8.2,86,7,"166,547",▲,5,01/12/2013,
17/01/2014,Warpaint,,Warpaint,Rock,,LP2,52,8.9,89,"""Biggy""",a,*,A,*,*,*,B,A,*,A,*,C,,,,,,,,,,,,,,,,,,,,,,,,,,,5.7,74,,"699,899",▼,6,01/06/2014,8.9
09/12/2013,Doctor Who: 50th Anniversary – Disc Four,,Murray Gold,Contemporary,,OST,79,8.6,82,"""The Long Song""",a,A,*,D,B,B,A,*,A,A,D,A,A,A,*,A,*,*,B,C,*,D,*,,,,,,,,,,,,,,,,,,,"160,723",,5,01/12/2013,
25/11/2013,Frozen,,Various Artists,Pop,Cont.,OST,27,7.2,42,"""Let It Go""",B,B,A,*,*,a,B,B,D,D,,,,,,,,,,,,,,,,,,,,,,,,,,,,,,,,,,,01/12/2017,
28/10/2013,Reflektor,,Arcade Fire,Rock,Exp.,LP4 (D),102,8.6,84,"""It's Never Over (Hey Orpheus)""",B,A,A,A,A,A,C,B,*,*,*,A,*,B,C,B,D,A,*,,,,,,,,,,,,,,,,,,,,9.2,80,5,"4,322,759",▲,7,01/12/2013,8.6
14/10/2013,Virgins,,Tim Hecker,Contemporary,Elec.,LP7,49,8.9,89,"""Virginal I""",B,*,A,*,A,*,A,B,B,C,B,A,,,,,,,,,,,,,,,,,,,,,,,,,,,8.3,87,9,"127,136",▲,5,01/12/2018,8.9
14/10/2013,Beautiful Rewind,,Four Tet,Electronic,,LP7,41,5.8,15,"""Your Body Feels""",B,C,B,A,C,B,D,A,b,A,*,,,,,,,,,,,,,,,,,,,,,,,,,,,,7.4,79,7,"2,183,032",▼,,01/06/2020,
07/10/2013,One Breath,,Anna Calvi,Rock,Cont.,LP2,40,9.1,93,"""Carry Me Over""",A,A,A,B,*,A,*,A,*,*,a,,,,,,,,,,,,,,,,,,,,,,,,,,,,6.6,80,,"291,797",▼,5,01/12/2013,9.1
02/09/2013,The 1975,,The 1975,Rock,Pop,LP1,51,3.5,3,"""Girls""",c,C,B,B,D,D,b,A,B,B,A,b,C,D,D,B,,,,,,,,,,,,,,,,,,,,,,,5.9,67,,"11,303,906",▲,7,01/04/2020,
02/07/2013,A Color Map of the Sun,,Pretty Lights,Electronic,Hip.,LP4,71,3.6,3,"""Done Wrong""",C,C,B,A,A,C,A,C,A,B,B,D,C,,,,,,,,,,,,,,,,,,,,,,,,,,,,,"963,487",▼,6,01/12/2015,
12/06/2013,Kveikur,,Sigur Rós,Rock,Cont.,LP7,49,7.1,39,"""Hrafntinna""",A,A,A,C,A,B,A,B,B,,,,,,,,,,,,,,,,,,,,,,,,,,,,,,8.1,80,,"1,172,948",▲,6,01/02/2020,
03/06/2013,Immunity,,Jon Hopkins,Electronic,Amb.,LP4,60,8.6,82,"""Sun Harmonics""",B,A,A,*,B,*,*,A,,,,,,,,,,,,,,,,,,,,,,,,,,,,,,,8.5,82,8,"2,219,308",▲,6,01/12/2019,
17/05/2013,Random Access Memories,,Daft Punk,Electronic,Pop,LP4,75,3.8,3,"""Get Lucky""",C,B,B,B,B,B,B,A,B,C,D,A,B,,,,,,,,,,,,,,,,,,,,,,,,,,8.8,87,8,"11,190,693",▲,7,01/01/2020,
14/05/2013,Modern Vampires of the City,,Vampire Weekend,Folk/Country,Rock,LP3,43,7.5,50,"""Hannah Hunt""",C,C,A,C,D,*,A,A,*,A,D,C,,,,,,,,,,,,,,,,,,,,,,,,,,,9.3,84,7,"4,935,045",▼,7,01/05/2020,
01/04/2013,Leak 04-13 (Bait Ones),,Jai Paul,Experimental,Pop,Leak,38,6.7,29,"""100,000""",b,A,A,b,A,c,*,c,B,*,C,b,C,b,A,*,,,,,,,,,,,,,,,,,,,,,,,8.9,,6,"892,270",,6,01/06/2019,
26/02/2013,Need You Now,,plumb,Worship,Pop,LP6,52,8.5,79,"""Don't Deserve You""",B,A,A,A,B,B,*,A,A,*,A,A,*,,,,,,,,,,,,,,,,,,,,,,,,,,,,,"569,872",▼,6,01/12/2012,
25/02/2013,Les Revenants,,Mogwai,Ambient,Rock,OST,50,6.7,29,"""Hungry Face""",*,A,C,C,C,C,B,C,A,A,B,C,D,*,,,,,,,,,,,,,,,,,,,,,,,,,7.6,77,,"536,303",▲,6,01/12/2012,
22/01/2013,Worth It All,,Meredith Andrews,Worship,,LP4,50,5.3,10,"""Not for a Moment (After All)""",B,*,B,B,B,C,D,D,B,C,*,,,,,,,,,,,,,,,,,,,,,,,,,,,,,,,"350,203",▼,6,01/12/2012,
26/11/2012,Sing Like Never Before,,Matt Redman,Worship,,Comp.,73,7.0,36,"""You Alone Can Rescue""",B,B,B,B,A,A,A,A,B,B,A,B,A,B,D,,,,,,,,,,,,,,,,,,,,,,,,,,,"1,406,671",▼,6,01/06/2012,
13/11/2012,Order of Noise,,Vessel,Electronic,Exp.,LP1,47,8.3,74,"""Images of Bodies""",b,A,*,*,*,A,C,A,B,a,B,a,,,,,,,,,,,,,,,,,,,,,,,,,,,7.0,77,7,"29,161",▼,4,01/03/2020,
13/11/2012,Movement,,Holly Herndon,Experimental,,LP1,35,6.9,34,"""Movement""",B,A,B,a,A,d,D,,,,,,,,,,,,,,,,,,,,,,,,,,,,,,,,8.1,81,7,"59,861",▲,5,01/04/2020,
09/11/2012,Flume,,Flume,Electronic,Pop,LP1,50,5.0,8,"""Insane""",C,C,C,B,B,B,A,B,B,A,A,C,B,B,B,,,,,,,,,,,,,,,,,,,,,,,,7.4,73,,"9,649,885",▼,7,01/06/2019,
22/10/2012,Nude,,The Irrepressibles,Pop,Cont.,LP2,41,8.0,65,"""Two Men in Love""",*,B,A,a,*,A,A,B,a,A,,,,,,,,,,,,,,,,,,,,,,,,,,,,,,,,"200,977",,5,01/06/2017,
09/10/2012,The Heist,,Macklemore & Ryan Lewis,Hip-Hop,,LP1,65,7.7,56,"""Same Love""",B,A,B,A,*,A,B,B,C,C,*,C,C,B,*,,,,,,,,,,,,,,,,,,,,,,,,,74,7,"10,673,842",▲,7,01/03/2020,
05/10/2012,Halcyon,,Ellie Goulding,Pop,,LP2,43,8.2,71,"""Dead in the Water""",B,A,A,A,*,A,A,*,*,A,B,*,,,,,,,,,,,,,,,,,,,,,,,,,,,6.6,69,,"25,590,846",▼,7,01/12/2012,
28/09/2012,The 2nd Law,,Muse,Rock,Pop,LP6,54,8.7,84,"""Big Freeze""",A,A,B,a,A,A,B,*,*,A,C,B,*,,,,,,,,,,,,,,,,,,,,,,,,,,,,,"8,356,448",▼,7,01/06/2012,
17/09/2012,Battle Born,,The Killers,Rock,,LP4,52,8.8,87,"""Heart of a Girl""",A,A,A,A,B,*,A,C,*,*,*,A,,,,,,,,,,,,,,,,,,,,,,,,,,,,64,,"14,572,879",▲,7,01/06/2015,8.8
05/09/2012,Coexist,,The xx,Pop,Rock,LP2,38,7.6,53,"""Sunset""",A,A,A,A,A,A,A,C,A,A,B,,,,,,,,,,,,,,,,,,,,,,,,,,,,7.5,79,4,"4,434,123",▲,7,01/06/2012,
04/09/2012,Night Visions,,Imagine Dragons,Pop,Rock,LP1,44,3.7,3,"""Bleeding Out""",B,D,C,A,C,C,D,B,*,B,C,,,,,,,,,,,,,,,,,,,,,,,,,,,,,53,,"33,090,019",,8,01/06/2017,
20/08/2012,Fragrant World,,Yeasayer,Pop,Exp.,LP3,49,8.8,87,"""Henrietta""",A,*,B,*,A,B,D,*,*,B,A,,,,,,,,,,,,,,,,,,,,,,,,,,,,5.4,71,,"506,340",▼,6,01/06/2013,8.8
20/08/2012,Pink,,Four Tet,Electronic,,LP6,62,6.3,21,"""Peace for Earth""",A,B,B,B,A,D,*,B,,,,,,,,,,,,,,,,,,,,,,,,,,,,,,,8.2,79,7,"2,183,032",▼,6,01/04/2020,
10/07/2012,"Swing Lo, Magellan",,Dirty Projectors,Rock,Folk,LP6,42,7.1,39,"""Impregnable Question""",C,B,A,A,A,B,D,*,C,C,A,D,,,,,,,,,,,,,,,,,,,,,,,,,,,8.8,80,6,"707,335",▲,6,01/05/2020,
18/06/2012,The Idler Wheel Is Wiser Than the Driver...,,Fiona Apple,Experimental,Pop,LP4,43,8.5,79,"""Anything We Want""",A,A,B,A,A,C,A,A,A,A,,,,,,,,,,,,,,,,,,,,,,,,,,,,,9.0,89,9,"3,169,835",▲,7,01/12/2016,
12/06/2012,Synthetica,,Metric,Rock,Pop,LP5,44,6.5,25,"""Lost Kitten""",C,C,A,A,A,A,A,B,B,D,C,,,,,,,,,,,,,,,,,,,,,,,,,,,,7.0,71,3,"1,187,122",▼,6,01/12/2014,
05/06/2012,Bear Creek,,Brandi Carlile,Folk/Country,,LP4,51,8.7,84,"""A Promise to Keep""",A,A,A,A,A,*,*,A,*,A,A,A,D,,,,,,,,,,,,,,,,,,,,,,,,,,,84,,"3,360,417",▲,7,01/12/2015,
23/05/2012,Valtari,,Sigur Rós,Rock,Cont.,LP6,55,5.2,9,"""Varúð""",C,B,*,C,B,C,A,A,,,,,,,,,,,,,,,,,,,,,,,,,,,,,,,6.1,74,,"1,172,948",▲,6,01/01/2020,
15/05/2012,Bloom,,Beach House,Rock,Pop,LP4,54,9.3,95,"""Irene""",*,*,*,A,B,*,A,*,*,*,C,,,,,,,,,,,,,,,,,,,,,,,,,,,,9.1,78,8,"2,447,735",▲,6,01/06/2012,9.3
11/05/2012,Not Your Kind of People,,Garbage,Rock,,LP5,43,5.2,9,"""Automatic Systematic Habit""",A,B,D,B,C,A,A,A,D,B,B,,,,,,,,,,,,,,,,,,,,,,,,,,,,6.4,63,,"1,691,080",▼,6,01/06/2012,
20/04/2012,Blunderbuss,,Jack White,Rock,,LP1,42,5.1,9,"""Hypocritical Kiss""",B,D,B,D,A,A,B,C,D,B,C,A,B,,,,,,,,,,,,,,,,,,,,,,,,,,7.8,83,6,"1,186,632",▼,6,01/06/2012,
09/04/2012,Boys & Girls,,Alabama Shakes,Rock,,LP1,37,4.7,7,"""Boys & Girls""",B,B,B,C,A,c,B,A,A,D,C,,,,,,,,,,,,,,,,,,,,,,,,,,,,7.8,76,,"2,294,678",▲,6,01/06/2012,
26/03/2012,Kill for Love,,Chromatics,Rock,Amb.,LP4 (D),92,8.7,87,"""These Streets Will Never Look the Same""",A,A,*,A,A,*,A,D,C,A,A,B,*,*,*,A,A,,,,,,,,,,,,,,,,,,,,,,8.7,80,4,"1,202,305",▲,6,01/12/2013,8.7
24/01/2012,Where I Find You,,Kari Jobe,Worship,,LP2,55,7.2,42,"""Run to You (I Need You)""",C,B,*,A,A,C,A,*,C,A,A,A,,,,,,,,,,,,,,,,,,,,,,,,,,,,,,"2,018,946",▲,6,01/12/2011,
21/11/2011,Shadows,,Floating Points,Electronic,,EP,38,7.4,47,"""ARP3""",A,A,B,*,A,,,,,,,,,,,,,,,,,,,,,,,,,,,,,,,,,,7.2,,,"720,875",▲,6,01/12/2019,
28/10/2011,Ceremonials,,Florence + the Machine,Pop,Rock,LP2,56,6.7,29,"""Never Let Me Go""",A,A,A,*,D,B,A,C,A,B,A,B,,,,,,,,,,,,,,,,,,,,,,,,,,,6.0,75,,"9,938,580",▲,7,01/12/2011,
19/10/2011,Mylo Xyloto,,Coldplay,Pop,Rock,LP5,45,7.5,50,"""Don't Let It Break Your Heart""",a,B,B,A,A,a,A,A,*,B,A,a,A,C,,,,,,,,,,,,,,,,,,,,,,,,,7.0,65,,"33,025,697",▲,8,01/06/2012,
18/10/2011,"HurryUp,We'reDreaming",,M83,Pop,Amb.,LP6,74,8.8,89,"""Raconte-moi une histoire""",A,A,*,a,A,*,b,A,C,a,A,B,C,*,a,A,B,a,*,C,a,A,,,,,,,,,,,,,,,,,9.1,76,4,"5,626,224",▲,7,01/11/2019,8.8
05/10/2011,Biophilia,,björk,Experimental,Pop,LP7,50,10,100,"""Crystalline""",*,*,*,*,A,*,*,*,*,*,,,,,,,,,,,,,,,,,,,,,,,,,,,,,6.2,79,,"1,743,001",▲,6,01/12/2013,10.0
17/06/2011,"Bon Iver, Bon Iver",,Bon Iver,Folk/Country,,LP2,40,8.3,74,"""Michicant""",A,B,A,*,*,D,A,B,a,A,,,,,,,,,,,,,,,,,,,,,,,,,,,,,9.5,86,6,"6,889,095",▲,7,01/04/2020,
31/05/2011,Codes and Keys,,Death Cab for Cutie,Rock,,LP7,46,7.2,42,"""You Are a Tourist""",*,B,C,B,*,A,C,D,C,B,A,,,,,,,,,,,,,,,,,,,,,,,,,,,,5.0,71,7,"3,248,357",▲,7,01/12/2012,
16/05/2011,Rome,,Danger Mouse / Daniele Luppi,Contemporary,Rock,LP1,36,6.9,34,"""The Gambling Priest""",A,C,a,B,a,A,A,A,a,C,B,A,D,A,A,,,,,,,,,,,,,,,,,,,,,,,,7.0,,,"190,672",▲,5,01/06/2011,
09/05/2011,Smother,,Wild Beasts,Rock,,LP3,43,8.5,79,"""Deeper""",A,A,*,A,A,*,B,*,A,C,,,,,,,,,,,,,,,,,,,,,,,,,,,,,8.2,85,7,"166,547",▲,5,01/12/2012,
04/03/2011,build a rocket boys!,,elbow,Rock,,LP5,52,8.9,89,"""open arms""",*,*,*,A,C,C,A,B,*,d,*,,,,,,,,,,,,,,,,,,,,,,,,,,,,6.9,82,,"1,250,617",▲,6,01/06/2013,8.9
04/03/2011,Minecraft – Volume Alpha,,C418,Ambient,Cont.,OST,59,6.2,20,"""Haggstrom""",b,C,B,c,B,C,A,C,b,C,B,B,A,B,B,D,C,A,B,B,D,C,B,B,,,,,,,,,,,,,,,,,,"952,999",,6,,
25/02/2011,Wounded Rhymes,,Lykke Li,Pop,,LP2,41,4.0,4,"""Jerome""",C,B,B,B,A,B,B,A,A,A,,,,,,,,,,,,,,,,,,,,,,,,,,,,,8.3,83,,"5,558,685",▲,7,01/12/2010,
18/02/2011,The King of Limbs,,Radiohead,Rock,Exp.,LP8,38,9.0,91,"""Bloom""",*,A,A,A,A,*,A,*,,,,,,,,,,,,,,,,,,,,,,,,,,,,,,,7.9,80,6,"11,166,389",▲,7,01/06/2012,
04/02/2011,James Blake,,James Blake,Experimental,Pop,LP1,38,6.8,31,"""To Care (Like You)""",A,B,A,C,A,B,b,A,a,A,B,,,,,,,,,,,,,,,,,,,,,,,,,,,,9.0,81,7,"7,678,805",▲,7,01/05/2020,
24/01/2011,21,,Adele,Pop,,LP2,49,6.7,29,"""He Won't Go""",C,A,A,A,C,A,C,B,B,A,B,,,,,,,,,,,,,,,,,,,,,,,,,,,,,76,,"22,039,209",▼,7,01/06/2012,
14/01/2011,Anna Calvi,,Anna Calvi,Rock,,LP1,40,8.4,77,"""Blackout""",b,A,A,A,B,*,*,B,B,A,,,,,,,,,,,,,,,,,,,,,,,,,,,,,7.8,80,,"291,797",▼,5,01/12/2010,
16/11/2010,Tangled,,Various Artists,Pop,Cont.,OST,19,5.5,12,"""I See the Light""",B,b,A,B,D,c,*,b,,,,,,,,,,,,,,,,,,,,,,,,,,,,,,,,,,,,,01/12/2016,
25/10/2010,The Fool,,Warpaint,Rock,,LP1,47,8.5,79,"""Undertow""",*,B,*,A,*,A,*,B,*,,,,,,,,,,,,,,,,,,,,,,,,,,,,,,7.2,77,6,"699,899",▼,6,01/06/2012,8.5
14/09/2010,Lisbon,,The Walkmen,Rock,,LP6,45,6.9,34,"""Woe Is Me""",A,B,c,B,B,A,B,*,B,*,A,,,,,,,,,,,,,,,,,,,,,,,,,,,,8.6,83,5,"463,398",,6,01/05/2020,
03/09/2010,Flamingo,,Brandon Flowers,Rock,,LP1,41,6.4,23,"""Magdalena""",C,A,A,A,B,B,*,B,D,B,,,,,,,,,,,,,,,,,,,,,,,,,,,,,,59,,"538,056",▲,6,01/12/2015,
02/08/2010,The Suburbs,,Arcade Fire,Rock,,LP3 (D),75,7.4,47,"""Deep Blue""",A,A,A,B,C,A,C,C,A,B,B,A,A,A,A,C,B,B,,,,,,,,,,,,,,,,,,,,,8.6,87,8,"4,322,759",▲,7,01/06/2013,
30/06/2010,Mount Wittenberg Orca,,Dirty Projectors / björk,Folk/Country,Rock,EP,22,8.4,77,"""When the World Comes to an End""",D,B,*,A,A,B,A,,,,,,,,,,,,,,,,,,,,,,,,,,,,,,,,7.7,79,8,"707,335",▲,6,01/12/2017,
12/04/2010,Direct Action,,The Alarm,Rock,,LP9,52,7.0,36,"""Come Alive""",B,C,A,C,A,C,A,A,*,B,A,*,B,C,B,,,,,,,,,,,,,,,,,,,,,,,,,,,"136,763",▲,5,01/06/2013,
12/02/2010,Scratch My Back,,Peter Gabriel,Rock,Cont.,LP8,54,2.7,1,"""The Book of Love""",B,C,B,C,C,A,D,A,C,D,C,D,,,,,,,,,,,,,,,,,,,,,,,,,,,4.5,67,,"3,767,907",,7,01/05/2020,
08/02/2010,Odd Blood,,Yeasayer,Pop,Exp.,LP2,40,9.0,91,"""I Remember""",A,A,A,*,A,A,A,B,A,B,A,*,,,,,,,,,,,,,,,,,,,,,,,,,,,6.1,78,,"506,340",▼,6,01/12/2012,9.0
26/01/2010,Teen Dream,,Beach House,Rock,Pop,LP3,49,8.6,82,"""Norway""",*,A,*,*,B,*,C,A,A,*,,,,,,,,,,,,,,,,,,,,,,,,,,,,,9.0,82,,"2,447,735",▲,6,01/05/2020,
25/01/2010,There Is Love in You,,Four Tet,Electronic,,LP5,48,8.3,74,"""Angel Echoes""",*,A,A,a,*,*,A,A,A,,,,,,,,,,,,,,,,,,,,,,,,,,,,,,8.6,82,,"2,183,032",▼,6,01/01/2020,
11/01/2010,Acolyte,,Delphic,Electronic,Pop,LP1,52,7.4,47,"""Acolyte""",B,A,B,B,*,A,A,B,a,A,,,,,,,,,,,,,,,,,,,,,,,,,,,,,5.0,,,"41,840",▼,5,01/12/2009,
10/01/2010,PPPPPP,,Magnus Pålsson,Pop,Elec.,OST,32,7.0,36,"""Passion for Exploring""",b,B,d,A,b,A,A,B,b,A,B,b,B,D,,,,,,,,,,,,,,,,,,,,,,,,,,,,,,,01/06/2011,
06/10/2009,Give Up the Ghost,,Brandi Carlile,Folk/Country,,LP3,40,6.8,31,"""Touching the Ground""",C,A,D,D,A,A,*,*,B,*,D,,,,,,,,,,,,,,,,,,,,,,,,,,,,,,,"3,360,417",▲,7,01/06/2018,
11/09/2009,The Resistance,,Muse,Rock,Cont.,LP5,55,9.4,96,"""I Belong to You / Mon cœur s'ouvre à ta voix""",A,A,A,A,*,A,A,*,A,A,*,,,,,,,,,,,,,,,,,,,,,,,,,,,,5.9,72,,"8,356,448",▼,7,01/12/2009,9.4
14/08/2009,xx,,The xx,Rock,Pop,LP1,39,3.0,2,"""Infinity""",B,D,C,B,D,B,D,C,A,C,C,,,,,,,,,,,,,,,,,,,,,,,,,,,,8.7,87,,"4,434,123",▲,7,01/12/2019,
03/08/2009,Two Dancers,,Wild Beasts,Rock,,LP2,38,8.9,89,"""This Is Our Lot""",A,A,A,B,A,A,*,*,*,*,,,,,,,,,,,,,,,,,,,,,,,,,,,,,8.4,83,,"166,547",▲,5,,
28/07/2009,ocean eyes,,Owl City,Pop,,LP2,43,1.9,1,"""Fireflies""",D,D,C,D,B,D,C,D,B,D,D,D,,,,,,,,,,,,,,,,,,,,,,,,,,,,53,,"6,319,847",,7,01/05/2020,
03/07/2009,Lungs,,Florence + the Machine,Rock,Pop,LP1,47,7.8,59,"""Cosmic Love""",B,B,*,B,D,C,A,*,*,A,A,*,B,,,,,,,,,,,,,,,,,,,,,,,,,,7.2,79,,"9,938,580",▲,7,01/06/2009,
09/06/2009,Bitte Orca,,Dirty Projectors,Rock,Exp.,LP5,42,8.9,91,"""Temecula Sunrise""",*,*,A,A,*,*,*,A,C,,,,,,,,,,,,,,,,,,,,,,,,,,,,,,9.2,85,,"707,335",▲,6,01/04/2019,8.9
05/05/2009,Insides,,Jon Hopkins,Electronic,Amb.,LP3,49,7.6,53,"""Light Through the Veins""",*,A,B,*,B,*,C,c,A,a,,,,,,,,,,,,,,,,,,,,,,,,,,,,,,,,"2,219,308",▲,6,01/02/2020,
07/04/2009,Fantasies,,Metric,Rock,Pop,LP4,43,7.1,39,"""Collect Call""",A,B,B,A,B,B,A,A,A,B,,,,,,,,,,,,,,,,,,,,,,,,,,,,,6.4,77,,"1,187,122",▼,6,,
01/04/2009,Shallow Life,,Lacuna Coil,Rock,,LP5,44,5.4,11,"""Wide Awake""",C,C,C,B,A,B,B,B,A,C,C,A,,,,,,,,,,,,,,,,,,,,,,,,,,,,68,,"570,261",▼,6,,
03/03/2009,Memory,,Animal Hospital,Ambient,Rock,LP1,61,6.0,17,"""A Safe Place""",c,B,B,C,A,b,A,,,,,,,,,,,,,,,,,,,,,,,,,,,,,,,,,,,928,▲,3,,
12/01/2009,Fever Ray,,Fever Ray,Pop,Exp.,LP1,48,7.6,53,"""Keep the Streets Empty for Me""",C,B,A,B,B,*,A,B,*,B,,,,,,,,,,,,,,,,,,,,,,,,,,,,,8.1,81,,"617,962",▲,6,01/02/2020,
01/12/2008,Reflections: Choral Essays Vol. 2,,The King's Singers,Contemporary,W.,LP,60,8.3,74,"""In the Love of Jesus""",*,B,*,B,A,D,D,A,*,B,C,*,C,D,A,C,C,C,C,,,,,,,,,,,,,,,,,,,,,,,"325,132",▲,6,01/12/2016,
24/11/2008,808s & Heartbreak,,Kanye West,Pop,Exp.,LP4,52,7.6,53,"""Say You Will""",*,A,B,*,A,A,C,B,A,C,B,A,,,,,,,,,,,,,,,,,,,,,,,,,,,7.6,75,,"30,212,918",▼,7,01/05/2020,
21/11/2008,Prospekt's March,,Coldplay,Rock,Pop,EP,28,7.7,56,"""Rainy Day""",B,a,A,*,A,B,B,C,,,,,,,,,,,,,,,,,,,,,,,,,,,,,,,6.0,67,,"33,025,697",▲,8,,
18/11/2008,Day & Age,,The Killers,Rock,Pop,LP3,41,7.7,56,"""I Can't Stay""",A,A,A,D,A,A,A,A,D,A,,,,,,,,,,,,,,,,,,,,,,,,,,,,,5.9,69,,"14,572,879",▲,7,,
12/11/2008,I AM...SASHA FIERCE,,Beyoncé,Pop,,LP3,42,4.4,6,"""If I Were a Boy""",A,A,C,B,D,C,A,B,B,B,B,,,,,,,,,,,,,,,,,,,,,,,,,,,,5.7,62,,"35,557,249",▲,8,01/04/2020,
22/07/2008,Does You Inspire You,,Chairlift,Pop,,LP1,53,7.8,59,"""Somewhere Around Here""",A,A,A,C,*,A,*,A,C,A,C,b,D,,,,,,,,,,,,,,,,,,,,,,,,,,5.6,68,,"365,791",▲,6,,
24/06/2008,WALL·E,,Thomas Newman,Contemporary,Pop,OST,62,7.8,59,"""Down to Earth""",A,C,B,D,A,b,a,C,a,B,B,C,B,d,A,C,B,b,c,c,C,*,c,a,c,C,C,A,C,b,B,C,C,b,A,A,*,A,,,,,,,01/12/2016,
12/06/2008,Viva la Vida or Death and All His Friends,,Coldplay,Rock,Pop,LP4,46,8.4,77,"""Lovers in Japan""",a,A,A,B,*,*,C,A,C,A,B,A,*,,,,,,,,,,,,,,,,,,,,,,,,,,6.9,72,,"33,025,697",▲,8,,8.4
12/05/2008,Narrow Stairs,,Death Cab for Cutie,Rock,,LP6,45,8.7,84,"""I Will Possess Your Heart""",A,*,A,B,*,A,*,A,A,A,B,,,,,,,,,,,,,,,,,,,,,,,,,,,,6.0,73,,"3,248,357",▲,7,01/12/2012,8.7
11/04/2008,Saturdays = Youth,,M83,Pop,Elec.,LP5,63,8.0,65,"""We Own the Sky""",A,A,A,A,A,A,A,B,C,C,*,,,,,,,,,,,,,,,,,,,,,,,,,,,,8.5,70,,"5,626,224",▲,7,01/05/2020,
25/03/2008,Consolers of the Lonely,,The Raconteurs,Rock,Folk,LP2,56,8.1,68,"""Old Enough""",A,C,A,A,A,B,A,A,D,A,d,A,A,B,,,,,,,,,,,,,,,,,,,,,,,,,7.4,75,,"2,150,516",▲,6,,
17/03/2008,The Seldom Seen Kid,,elbow,Rock,,LP4,55,5.8,15,"""Weather to Fly""",D,B,*,B,D,*,B,D,B,A,*,,,,,,,,,,,,,,,,,,,,,,,,,,,,7.8,82,,"1,250,617",▲,6,,
03/03/2008,Rockferry,,Duffy,Pop,,LP1,38,6.0,17,"""Rockferry""",A,A,B,B,D,B,C,B,B,A,,,,,,,,,,,,,,,,,,,,,,,,,,,,,,71,,"2,251,262",▲,6,,
23/10/2007,All Hour Cymbals,,Yeasayer,Rock,Exp.,LP1,47,8.9,89,"""Wait for the Summer""",*,*,*,*,a,*,A,C,A,B,B,,,,,,,,,,,,,,,,,,,,,,,,,,,,7.8,,,"506,340",▼,6,,
23/10/2007,Raising Sand,,Robert Plant / Alison Krauss,Folk/Country,,LP1,57,6.4,23,"""Please Read the Letter""",B,B,C,C,B,A,A,A,B,A,B,D,A,,,,,,,,,,,,,,,,,,,,,,,,,,,87,,"1,009,343",,6,,
10/10/2007,In Rainbows,,Radiohead,Rock,,LP7,43,8.6,82,"""House of Cards""",A,B,*,A,*,A,B,*,B,*,,,,,,,,,,,,,,,,,,,,,,,,,,,,,9.3,88,,"11,166,389",▲,7,,
09/10/2007,Blink,,plumb,Worship,Cont.,LP5,47,9.5,98,"""Solomon's Song""",A,*,A,A,*,A,A,*,A,*,,,,,,,,,,,,,,,,,,,,,,,,,,,,,,,,"569,872",▼,6,01/12/2015,9.5
25/09/2007,"Echoes, Silence, Patience & Grace",,Foo Fighters,Rock,,LP6,55,8.8,87,"""Stranger Things Have Happened""",B,A,A,A,A,A,B,B,a,A,A,*,A,,,,,,,,,,,,,,,,,,,,,,,,,,4.2,71,,"10,875,235",▲,7,01/06/2008,
03/09/2007,Digital Shades Vol. 1    .,,M83,Ambient,,LP4,36,7.8,59,"""Dancing Mountains""",a,A,a,c,B,*,*,A,b,A,,,,,,,,,,,,,,,,,,,,,,,,,,,,,7.0,,,"5,626,224",▲,7,01/05/2020,
01/05/2007,Volta,,björk,Experimental,Pop,LP6,52,8.0,65,"""I See Who You Are""",A,*,*,A,*,A,A,C,D,C,,,,,,,,,,,,,,,,,,,,,,,,,,,,,5.8,77,,"1,743,001",▲,6,01/06/2014,
28/04/2007,On a Clear Night,,Missy Higgins,Folk/Country,Rock,LP2,38,6.6,27,"""Steer""",C,B,A,C,B,B,A,A,B,*,B,,,,,,,,,,,,,,,,,,,,,,,,,,,,,,,"643,356",▲,6,,
03/04/2007,The Story,,Brandi Carlile,Folk/Country,Rock,LP2,51,8.1,68,"""Downpour""",B,C,A,A,B,A,A,A,A,B,*,*,*,A,,,,,,,,,,,,,,,,,,,,,,,,,,,,"3,360,417",▲,7,,
20/03/2007,Person Pitch,,Panda Bear,Experimental,,LP3,46,9.3,95,"""Good Girl / Carrots""",A,*,A,*,*,A,A,,,,,,,,,,,,,,,,,,,,,,,,,,,,,,,,9.4,87,,"221,605",▲,5,01/02/2019,9.3
05/03/2007,Neon Bible,,Arcade Fire,Rock,,LP2,48,8.7,84,"""Ocean of Noise""",D,A,*,A,A,*,*,A,C,C,*,,,,,,,,,,,,,,,,,,,,,,,,,,,,8.4,87,,"4,322,759",▲,7,01/12/2006,
27/11/2006,To All New Arrivals,,Faithless,Electronic,,LP5,56,4.6,6,"""A Kind of Peace""",A,D,C,A,B,C,A,B,*,D,D,,,,,,,,,,,,,,,,,,,,,,,,,,,,,,,"1,775,887",▲,6,,
23/10/2006,Taking Up Your Precious Time,,Pretty Lights,Hip-Hop,Elec.,LP1,74,6.1,18,"""Wrong Platform""",B,B,A,A,C,A,C,B,A,A,C,A,A,C,D,,,,,,,,,,,,,,,,,,,,,,,,,,,"963,487",▼,6,,
27/09/2006,Sam's Town,,The Killers,Rock,,LP2,45,4.6,6,"""Read My Mind""",B,c,B,A,B,A,B,C,C,B,C,D,,,,,,,,,,,,,,,,,,,,,,,,,,,5.9,64,,"14,572,879",▲,7,,
21/08/2006,Never Said Goodbye,,Cerys Matthews,Folk/Country,Rock,LP2,41,6.5,25,"""This Endless Rain""",B,C,C,A,A,C,A,B,b,*,C,,,,,,,,,,,,,,,,,,,,,,,,,,,,,,,"5,130",▲,4,,
10/07/2006,The Eraser,,Thom Yorke,Rock,Elec.,LP1,41,5.6,13,"""Atoms for Peace""",C,C,B,B,D,*,*,*,D,,,,,,,,,,,,,,,,,,,,,,,,,,,,,,6.6,76,,"1,172,321",▲,6,,
03/07/2006,Black Holes and Revelations,,Muse,Rock,,LP4,51,9.0,91,"""Invincible""",A,A,B,*,a,*,*,B,A,A,A,A,,,,,,,,,,,,,,,,,,,,,,,,,,,4.2,75,,"8,356,448",▼,7,,9.0
19/06/2006,Not Accepted Anywhere,,The Automatic,Rock,,LP1,41,4.4,6,,B,A,-,-,D,-,-,-,-,-,-,-,,,,,,,,,,,,,,,,,,,,,,,,,,,,,,,,,,
16/05/2006,Broken Boy Soldiers,,The Raconteurs,Rock,,LP1,34,8.5,79,"""Intimate Secretary""",A,A,A,*,A,*,A,*,B,B,,,,,,,,,,,,,,,,,,,,,,,,,,,,,7.3,75,,"2,150,516",▲,6,,
01/05/2006,Eyes Open,,Snow Patrol,Rock,,LP4,46,7.5,50,"""Set the Fire to the Third Bar""",A,*,D,A,B,*,C,*,B,B,B,,,,,,,,,,,,,,,,,,,,,,,,,,,,6.6,67,,"7,220,945",▲,7,,
24/04/2006,The Seven Sleepers Den,,Richard James,Folk/Country,Cont.,LP1,42,7.0,36,"""I Wait for Your Love""",a,A,A,A,A,C,D,C,c,B,D,A,A,,,,,,,,,,,,,,,,,,,,,,,,,,,,,445,▼,3,,
31/03/2006,Karmacode,,Lacuna Coil,Rock,,LP4,48,5.0,8,"""What I See""",B,C,C,B,D,a,A,C,D,C,D,A,C,,,,,,,,,,,,,,,,,,,,,,,,,,,62,,"570,261",▼,6,,
28/02/2006,Chaotic Resolve,,plumb,Rock,Pop,LP4,61,8.7,84,"""I Can't Do This""",A,*,*,A,*,*,A,A,A,B,A,*,*,B,,,,,,,,,,,,,,,,,,,,,,,,,,,,"569,872",▼,6,,8.7
20/02/2006,Under Attack,,The Alarm,Rock,,LP7,49,7.7,56,"""Be Still""",B,B,B,A,A,A,A,A,B,A,C,A,C,,,,,,,,,,,,,,,,,,,,,,,,,,,,,"136,763",▲,5,,
12/09/2005,Takk...,,Sigur Rós,Rock,Cont.,LP4,68,9.5,98,"""Sæglópur""",a,*,A,*,*,*,B,A,*,B,B,,,,,,,,,,,,,,,,,,,,,,,,,,,,7.8,84,,"1,172,948",▲,6,,9.5
12/09/2005,Leaders of the Free World,,elbow,Rock,,LP3,50,3.8,3,"""Station Approach""",*,D,D,A,D,C,B,C,B,B,a,,,,,,,,,,,,,,,,,,,,,,,,,,,,6.2,78,,"1,250,617",▲,6,01/05/2020,
30/08/2005,Plans,,Death Cab for Cutie,Rock,,LP5,45,8.0,65,"""Brothers on a Hotel Bed""",A,B,*,*,B,C,D,B,A,*,B,,,,,,,,,,,,,,,,,,,,,,,,,,,,6.5,66,,"3,248,357",▲,7,,
23/08/2005,Pictures,,Timo Maas,Electronic,,LP2,54,7.9,63,"""Devil Feel""",A,B,B,A,A,B,A,B,A,*,C,*,,,,,,,,,,,,,,,,,,,,,,,,,,,,,,"147,440",,5,,
17/08/2005,Supernature,,Goldfrapp,Pop,,LP3,44,6.6,27,"""Koko""",C,D,B,A,*,*,A,*,C,D,D,,,,,,,,,,,,,,,,,,,,,,,,,,,,7.0,79,,"825,998",▲,6,,
25/07/2005,Drawing Restraint 9,,Björk,Experimental,Cont.,OST,52,7.3,45,"""Gratitude""",*,B,*,*,D,C,c,A,D,*,D,,,,,,,,,,,,,,,,,,,,,,,,,,,,7.0,67,,"1,743,001",▲,6,01/12/2014,
18/07/2005,Speak for Yourself,,Imogen Heap,Pop,,LP2,49,8.4,77,"""Headlock""",*,A,A,B,*,C,B,*,*,*,B,A,,,,,,,,,,,,,,,,,,,,,,,,,,,6.4,,,"1,106,062",,6,01/05/2020,8.4
12/07/2005,Brandi Carlile,,Brandi Carlile,Folk/Country,,LP1,33,6.4,23,"""Closer to You""",D,*,*,C,A,C,B,A,B,B,,,,,,,,,,,,,,,,,,,,,,,,,,,,,,,,"3,360,417",▲,7,01/06/2018,
12/07/2005,George Is On,,Deep Dish,Electronic,,LP2,76,3.2,2,"""Say Hello""",C,C,A,B,D,D,A,A,B,C,D,B,D,C,,,,,,,,,,,,,,,,,,,,,,,,,,,,"97,762",▲,5,,
14/06/2005,In Your Honor,,Foo Fighters,Rock,,LP5,84,8.2,71,"""Still""",B,B,A,*,*,A,B,C,B,A,*,B,B,A,B,B,*,D,B,A,,,,,,,,,,,,,,,,,,,6.8,70,,"10,875,235",▲,7,,
06/06/2005,X & Y,,Coldplay,Rock,Pop,LP3,63,6.0,17,"""Talk""",A,A,A,D,A,C,B,A,D,A,B,D,C,,,,,,,,,,,,,,,,,,,,,,,,,,4.9,72,,"33,025,697",▲,8,,
11/04/2005,Bleed Like Me,,Garbage,Rock,,LP4,45,6.3,21,"""Metal Heart""",B,D,C,A,A,*,C,*,C,D,B,,,,,,,,,,,,,,,,,,,,,,,,,,,,4.5,56,,"1,691,080",▼,6,,
23/11/2004,The Phantom of the Opera,,Andrew Lloyd Webber,Contemporary,,OST,64,8.6,82,"""The Music of the Night""",C,A,A,A,C,*,C,A,B,B,*,A,A,B,,,,,,,,,,,,,,,,,,,,,,,,,,,,"2,180,933",▲,6,01/12/2011,
14/09/2004,Funeral,,Arcade Fire,Rock,,LP1,49,8.6,82,"""In the Backseat""",A,B,A,A,A,A,B,A,*,*,,,,,,,,,,,,,,,,,,,,,,,,,,,,,9.7,90,,"4,322,759",▲,7,,
30/08/2004,Medúlla,,björk,Experimental,Pop,LP5,46,9.1,93,"""Mouth's Cradle""",*,a,A,A,a,A,B,*,*,A,*,*,a,*,*,,,,,,,,,,,,,,,,,,,,,,,,8.4,84,,"1,743,001",▲,6,01/06/2014,9.1
09/08/2004,Contact Note,,Jon Hopkins,Electronic,Amb.,LP2,62,7.0,36,"""Luna Moth""",B,B,A,a,B,B,b,B,B,A,B,*,,,,,,,,,,,,,,,,,,,,,,,,,,,,,,"2,219,308",▲,6,01/05/2020,
08/06/2004,Matt's Mood,,Matt Bianco,Pop,,LP10,45,6.2,20,"""Say the Words""",B,B,B,A,A,C,B,D,B,A,,,,,,,,,,,,,,,,,,,,,,,,,,,,,,,,"271,990",,5,,
07/06/2004,Hot Fuss,,The Killers,Rock,,LP1,47,4.2,5,"""On Top""",A,C,C,C,A,B,*,B,D,B,B,,,,,,,,,,,,,,,,,,,,,,,,,,,,5.2,,,"14,572,879",▲,7,,
19/04/2004,Who Killed...... The Zutons?,,The Zutons,Rock,Pop,LP1,43,6.2,20,"""Confusion""",B,B,B,*,B,A,B,B,B,A,C,A,A,,,,,,,,,,,,,,,,,,,,,,,,,,7.8,73,,"305,576",▲,5,,
20/10/2003,Kish Kash,,Basement Jaxx,Electronic,Pop,LP3,51,5.7,14,"""Living Room""",B,B,b,A,b,C,B,b,C,D,A,C,A,B,,,,,,,,,,,,,,,,,,,,,,,,,9.1,85,,"1,678,568",▲,6,,
07/10/2003,Transatlanticism,,Death Cab for Cutie,Rock,,LP4,46,9.3,95,"""The New Year""",*,A,A,A,A,A,B,*,A,*,B,,,,,,,,,,,,,,,,,,,,,,,,,,,,6.4,85,,"3,248,357",▲,7,,9.3
15/09/2003,Absolution,,Muse,Rock,Cont.,LP3,58,9.2,94,"""Blackout""",a,A,A,A,A,A,a,A,*,A,*,A,A,A,A,,,,,,,,,,,,,,,,,,,,,,,,,72,,"8,356,448",▼,7,,9.2
15/09/2003,Silence Is Easy,,starsailor,Rock,,LP2,40,8.3,74,"""Born Again""",A,*,*,A,A,B,C,A,C,*,*,,,,,,,,,,,,,,,,,,,,,,,,,,,,4.9,53,,"396,677",▲,6,,
18/08/2003,cast of thousands,,elbow,Rock,,LP2,51,5.7,14,"""Grace Under Pressure""",B,C,B,B,A,D,A,C,B,A,c,,,,,,,,,,,,,,,,,,,,,,,,,,,,7.8,84,,"1,250,617",▲,6,,
09/06/2003,Hail to the Thief,,Radiohead,Rock,,LP6,57,8.5,79,"""The Gloaming.""",B,A,A,*,A,*,B,*,A,C,C,*,A,C,,,,,,,,,,,,,,,,,,,,,,,,,9.3,85,,"11,166,389",▲,7,,
01/04/2003,Elephant,,The White Stripes,Rock,,LP4,50,6.5,25,"""You've Got Her in Your Pocket""",A,B,A,A,A,A,*,B,C,B,A,B,B,D,,,,,,,,,,,,,,,,,,,,,,,,,6.9,92,,"7,685,051",▼,7,,
25/03/2003,Beautiful Lumps of Coal,,plumb,Rock,Pop,LP3,42,8.3,74,"""Taken""",B,A,A,A,A,A,*,A,A,*,d,*,,,,,,,,,,,,,,,,,,,,,,,,,,,,,,"569,872",▼,6,,
04/03/2003,Fallen,,Evanescence,Rock,,LP1,45,3.3,2,"""Tourniquet""",A,B,B,*,D,*,D,C,C,C,D,,,,,,,,,,,,,,,,,,,,,,,,,,,,,,,"6,374,116",,7,,
19/02/2003,Give Up,,The Postal Service,Pop,,LP1,45,6.9,34,"""Recycled Air""",A,B,C,A,*,C,A,C,C,*,,,,,,,,,,,,,,,,,,,,,,,,,,,,,8.0,79,Classic,"947,131",▲,6,01/01/2019,
28/10/2002,( ),,Sigur Rós,Rock,Cont.,LP3,72,4.8,8,Untitled,D,C,*,C,A,B,D,A,,,,,,,,,,,,,,,,,,,,,,,,,,,,,,,7.6,82,,"1,172,948",▲,6,01/12/2019,
26/08/2002,A Rush of Blood to the Head,,Coldplay,Rock,,LP2,55,6.6,27,"""Warning Sign""",A,B,B,C,C,B,A,A,A,B,A,,,,,,,,,,,,,,,,,,,,,,,,,,,,5.1,80,,"33,025,697",▲,8,,
01/07/2002,Hullabaloo Soundtrack,,Muse,Rock,,Comp.,40,7.1,39,"""Hyper Chondriac Music""",A,B,A,A,B,A,A,C,A,*,,,,,,,,,,,,,,,,,,,,,,,,,,,,,,,,"8,356,448",▼,7,,
18/06/2002,Bunkka,,Paul Oakenfold,Electronic,Hip.,LP1,52,8.3,74,"""Southern Sun""",B,*,A,*,B,B,*,B,C,*,B,,,,,,,,,,,,,,,,,,,,,,,,,,,,,,,"845,639",▲,6,,
13/05/2002,18,,Moby,Electronic,Pop,LP6,72,9.2,94,"""Signs of Love""",B,*,*,*,*,A,B,a,B,C,*,*,A,*,A,*,B,B,,,,,,,,,,,,,,,,,,,,,2.6,61,,"4,446,966",▲,7,,9.2
19/02/2002,The Stability EP,,Death Cab for Cutie,Rock,,EP,21,7.6,53,"""Stability""",B,B,*,,,,,,,,,,,,,,,,,,,,,,,,,,,,,,,,,,,,6.9,,,"3,248,357",▲,7,,
01/01/2002,The Disintegration Loops,,William Basinski,Contemporary,Amb.,LP,64,8.5,79,"""dlp 1.1""",*,A,,,,,,,,,,,,,,,,,,,,,,,,,,,,,,,,,,,,,10,,,"149,533",▲,5,01/03/2019,
20/11/2001,The Fellowship of the Ring,,Howard Shore,Contemporary,,OST,72,7.3,45,"""The Council of Elrond""",B,B,B,B,B,A,A,B,A,*,C,C,A,A,B,B,A,A,,,,,,,,,,,,,,,,,,,,,,,,"4,326,159",,7,,
09/10/2001,The Photo Album,,Death Cab for Cutie,Rock,,LP3,39,8.5,79,"""A Movie Script Ending""",A,*,A,B,C,*,A,A,C,*,,,,,,,,,,,,,,,,,,,,,,,,,,,,,7.1,75,,"3,248,357",▲,7,01/06/2013,
08/10/2001,love is here,,starsailor,Rock,,LP1,47,7.0,36,"""Love Is Here""",B,A,A,B,B,B,C,A,*,B,A,,,,,,,,,,,,,,,,,,,,,,,,,,,,5.7,72,,"396,677",▲,6,,
07/09/2001,Resist,,Kosheen,Electronic,Pop,LP1,59,8.2,71,"""Empty Skies""",a,A,A,A,A,A,A,A,B,C,A,B,C,C,C,,,,,,,,,,,,,,,,,,,,,,,,,,,"93,464",▲,5,,
03/09/2001,Melody A.M.,,Röyksopp,Electronic,,LP1,47,7.6,53,"""Poor Leno""",B,A,A,A,*,C,B,A,C,C,,,,,,,,,,,,,,,,,,,,,,,,,,,,,7.8,81,,"1,672,533",▼,6,,
27/08/2001,Vespertine,,björk,Pop,Cont.,LP4,56,9.7,99,"""Unison""",A,*,*,*,B,b,*,A,*,A,*,*,,,,,,,,,,,,,,,,,,,,,,,,,,,7.2,88,,"1,743,001",▲,6,01/06/2014,9.7
30/07/2001,Opalescent,,Jon Hopkins,Electronic,,LP1,56,6.4,23,"""Private Universe""",B,*,B,b,C,C,a,A,B,C,B,A,,,,,,,,,,,,,,,,,,,,,,,,,,,5.6,,,"2,219,308",▲,6,01/05/2020,
17/07/2001,Origin of Symmetry,,Muse,Rock,,LP2,56,9.0,91,"""Citizen Erased""",A,A,A,A,B,A,B,A,A,B,A,A,,,,,,,,,,,,,,,,,,,,,,,,,,,,,,"8,356,448",▼,7,,9.0
05/06/2001,Amnesiac,,Radiohead,Experimental,Rock,LP5,44,7.1,39,"""Pyramid Song""",A,*,B,*,A,B,C,A,d,C,D,,,,,,,,,,,,,,,,,,,,,,,,,,,,9.5,75,,"11,166,389",▲,7,,
07/05/2001,asleep in the back,,elbow,Rock,,LP1,62,8.1,68,"""Newborn""",C,*,A,A,D,A,*,*,*,D,C,A,,,,,,,,,,,,,,,,,,,,,,,,,,,8.4,82,,"1,250,617",▲,6,,
30/04/2001,The Altogether,,Orbital,Electronic,,LP6,63,6.9,34,"""Funny Break (One Is Enough)""",B,*,A,*,A,B,B,C,*,A,B,,,,,,,,,,,,,,,,,,,,,,,,,,,,5.2,66,,"588,043",▲,6,,
26/02/2001,Discovery,,Daft Punk,Electronic,Pop,LP2,61,7.5,50,"""Digital Love""",A,A,*,C,A,a,B,B,A,A,B,A,*,A,,,,,,,,,,,,,,,,,,,,,,,,,6.4,74,Classic,"11,190,693",▲,7,01/04/2020,
16/01/2001,Azure Ray                ,,Azure Ray,Folk/Country,,LP1,40,8.2,71,"""Sleep""",*,A,C,c,B,*,A,A,A,A,*,,,,,,,,,,,,,,,,,,,,,,,,,,,,7.0,,,"44,756",,5,01/05/2020,
27/11/2000,Since I Left You,,The Avalanches,Hip-Hop,Elec.,LP1,61,7.4,47,"""Live at Dominoes""",A,a,A,C,b,B,B,a,A,B,C,c,A,A,A,b,A,B,,,,,,,,,,,,,,,,,,,,,9.5,89,,"1,572,841",,6,01/04/2020,
02/10/2000,Kid A,,Radiohead,Experimental,Rock,LP4,48,9.0,91,"""Idioteque""",*,*,A,*,B,A,A,*,A,C,,,,,,,,,,,,,,,,,,,,,,,,,,,,,10,80,Classic,"11,166,389",▲,7,,9.0
18/09/2000,Selmasongs,,Björk,Contemporary,Pop,OST,33,8.1,68,"""In the Musicals""",A,A,A,*,*,b,*,,,,,,,,,,,,,,,,,,,,,,,,,,,,,,,,7.4,76,,"1,743,001",▲,6,01/12/2014,
10/07/2000,Parachutes,,Coldplay,Rock,,LP1,42,6.0,17,"""Everything's Not Lost""",A,C,A,C,D,B,a,A,A,A,A,,,,,,,,,,,,,,,,,,,,,,,,,,,,5.3,72,,"33,025,697",▲,8,,
21/03/2000,We Have the Facts and We're Voting Yes,,Death Cab for Cutie,Rock,,LP2,42,8.3,74,"""Title Track""",*,A,A,*,D,*,A,A,D,B,,,,,,,,,,,,,,,,,,,,,,,,,,,,,7.5,,,"3,248,357",▲,7,,
07/09/1999,Showbiz,,Muse,Rock,,LP1,55,6.6,27,"""Hate This and I'll Love You""",A,B,A,A,C,B,B,C,A,A,A,A,A,,,,,,,,,,,,,,,,,,,,,,,,,,6.7,,,"8,356,448",▼,7,,
12/06/1999,Ágætis byrjun,,Sigur Rós,Rock,Cont.,LP2,72,9.4,96,"""Starálfur""",c,A,*,*,A,A,*,*,A,C,,,,,,,,,,,,,,,,,,,,,,,,,,,,,9.4,87,,"1,172,948",▲,6,01/07/2019,9.4
18/05/1999,Tarzan,,Phil Collins,Pop,Rock,OST,41,8.1,68,"""You'll Be in My Heart""",*,*,*,D,*,a,C,*,A,B,B,C,A,b,,,,,,,,,,,,,,,,,,,,,,,,,,,,"13,356,045",▲,7,01/12/2016,
13/04/1999,candycoatedwaterdrops,,plumb,Rock,Pop,LP2,44,7.8,59,"""Damaged""",B,A,A,A,A,A,B,B,*,A,D,,,,,,,,,,,,,,,,,,,,,,,,,,,,,,,"569,872",▼,6,,
31/08/1998,songs for polarbears,,Snow Patrol,Rock,,LP1,50,7.7,56,"""Velocity Girl""",D,D,B,A,A,A,A,B,B,*,B,A,B,B,*,,,,,,,,,,,,,,,,,,,,,,,,8.1,,,"7,220,945",▲,7,,
18/08/1998,Something About Airplanes,,Death Cab for Cutie,Rock,,LP1,44,6.1,18,"""Your Bruise""",A,A,A,A,A,A,C,C,D,A,,,,,,,,,,,,,,,,,,,,,,,,,,,,,8.1,,,"3,248,357",▲,7,,
10/02/1998,In the Aeroplane Over the Sea,,Neutral Milk Hotel,Folk/Country,,LP2,40,7.5,50,"""Ghost""",A,C,A,B,a,B,C,B,*,*,A,,,,,,,,,,,,,,,,,,,,,,,,,,,,10,,Classic,"1,043,715",▲,6,01/06/2019,
02/02/1998,International Velvet,,Catatonia,Rock,,LP2,45,6.1,18,"""Mulder and Scully""",A,B,A,B,C,C,B,A,D,C,A,D,,,,,,,,,,,,,,,,,,,,,,,,,,,7.8,,,,,,01/06/2020,
02/01/1998,He's Alive,,Don Francisco,Folk/Country,W.,Comp.,60,7.1,39,"""Willing to Heal""",D,B,B,A,*,*,A,A,C,*,A,B,,,,,,,,,,,,,,,,,,,,,,,,,,,,,,"30,423",,4,,
29/09/1997,Urban Hymns,,The Verve,Rock,,LP3,70,9.5,98,"""Weeping Willow""",*,*,A,*,A,a,A,*,A,A,*,B,A,b,,,,,,,,,,,,,,,,,,,,,,,,,8.6,,,"5,449,356",▲,7,,9.5
22/09/1997,Homogenic,,björk,Pop,Cont.,LP3,44,9.7,99,"""5 Years""",B,*,*,B,*,*,*,*,A,*,,,,,,,,,,,,,,,,,,,,,,,,,,,,,10,,,"1,743,001",▲,6,01/06/2013,9.7
25/08/1997,Word Gets Around,,Stereophonics,Rock,,LP1,42,2.9,2,"""Local Boy in the Photograph""",B,C,B,B,C,C,D,D,C,C,C,B,,,,,,,,,,,,,,,,,,,,,,,,,,,5.8,,,"2,963,267",,6,,
29/07/1997,plumb,,plumb,Rock,,LP1,44,7.3,45,"""Cure""",A,C,A,B,B,B,B,*,*,*,A,,,,,,,,,,,,,,,,,,,,,,,,,,,,,,,"569,872",▼,6,01/06/2010,
21/05/1997,OK Computer,,Radiohead,Rock,,LP3,54,8.0,65,"""No Surprises""",A,A,A,*,B,A,d,B,B,*,*,A,,,,,,,,,,,,,,,,,,,,,,,,,,,10,100,,"11,166,389",▲,7,,
20/01/1997,Homework,,Daft Punk,Electronic,,LP1,74,7.1,39,"""Around the World""",C,c,A,A,*,*,*,B,B,B,A,D,B,B,A,c,,,,,,,,,,,,,,,,,,,,,,,9.2,,,"11,190,693",▲,7,01/12/2018,
16/09/1996,Endtroducing.....,,DJ Shadow,Hip-Hop,,LP1,64,8.6,82,"""Stem / Long Stem / Transmission 2""",d,A,C,B,A,d,*,A,a,c,A,A,A,,,,,,,,,,,,,,,,,,,,,,,,,,10,,Classic,"1,857,649",▲,6,,
10/06/1996,Dreamland,,Robert Miles,Electronic,,LP1,71,5.9,16,"""One and One""",C,A,A,B,C,C,B,A,A,A,A,B,,,,,,,,,,,,,,,,,,,,,,,,,,,,,,,,,01/04/2019,
09/10/1995,今 ima,,bt,Electronic,,LP1,79,7.6,53,"""Quark""",B,A,A,A,A,,,,,,,,,,,,,,,,,,,,,,,,,,,,,,,,,,,,,"412,443",▼,6,,
13/06/1995,Post,,björk,Pop,Elec.,LP2,47,8.8,87,"""Hyperballad""",A,*,A,D,B,*,B,*,A,A,*,,,,,,,,,,,,,,,,,,,,,,,,,,,,10,,,"1,743,001",▲,6,01/06/2013,8.8
13/03/1995,The Bends,,Radiohead,Rock,,LP2,49,7.5,50,"""Sulk""",A,C,B,B,A,*,C,C,*,B,*,A,,,,,,,,,,,,,,,,,,,,,,,,,,,10,,,"11,166,389",▲,7,,
13/03/1995,elastica,,elastica,Rock,,LP1,38,6.8,31,"""Stutter""",D,C,D,B,B,A,B,B,A,B,A,A,C,B,A,,,,,,,,,,,,,,,,,,,,,,,,8.5,,,"212,578",▲,5,,
27/02/1995,To Bring You My Love,,PJ Harvey,Experimental,Rock,LP3,43,8.2,71,"""Send His Love to Me""",*,D,C,A,*,D,B,B,*,*,,,,,,,,,,,,,,,,,,,,,,,,,,,,,,,,"1,288,289",▲,6,,
13/02/1995,Lovers in the City,,Tanita Tikaram,Folk/Country,,LP5,52,9.0,91,"""My Love Tonight""",A,A,A,A,*,*,B,*,A,D,,,,,,,,,,,,,,,,,,,,,,,,,,,,,,,,"444,474",▲,6,,9.0
27/09/1994,Monster,,R.E.M.,Rock,,LP9,50,7.3,45,"""Tongue""",B,C,B,B,B,A,*,C,C,A,D,*,,,,,,,,,,,,,,,,,,,,,,,,,,,8.1,83,,,,,,
06/08/1993,Tuesday Night Music Club,,Sheryl Crow,Folk/Country,Pop,LP1,50,6.7,29,"""Strong Enough""",D,A,A,A,A,C,A,A,C,B,*,,,,,,,,,,,,,,,,,,,,,,,,,,,,,,,"4,022,199",▲,7,,
05/07/1993,Debut,,björk,Pop,Elec.,LP1 (D),53,8.2,71,"""Venus as a Boy""",*,B,*,C,B,*,A,*,A,C,A,A,,,,,,,,,,,,,,,,,,,,,,,,,,,,,,"1,743,001",▲,6,01/06/2013,
22/02/1993,Pablo Honey,,Radiohead,Rock,,LP1,43,4.3,5,"""Blow Out""",D,B,D,C,A,A,B,C,B,C,D,A,,,,,,,,,,,,,,,,,,,,,,,,,,,5.4,,,"11,166,389",▲,7,,
01/01/1993,Jesus' Blood Never Failed Me Yet,,Gavin Bryars,Contemporary,,LP,75,8.4,77,"""Tramp and Tom Waits with Full Orchestra""",A,A,A,A,*,A,,,,,,,,,,,,,,,,,,,,,,,,,,,,,,,,,,,,,,,01/05/2020,
28/09/1992,US,,Peter Gabriel,Pop,,LP6,58,7.1,39,"""Blood of Eden""",A,B,*,A,A,D,A,A,B,A,,,,,,,,,,,,,,,,,,,,,,,,,,,,,,,,"3,767,907",,7,01/04/2020,
02/07/1991,Into the Great Wide Open,,Tom Petty and the Heartbreakers,Folk/Country,,LP8,44,7.2,42,"""All the Wrong Reasons""",A,*,D,C,B,B,*,B,B,*,B,A,,,,,,,,,,,,,,,,,,,,,,,,,,,,,,"5,603,624",,7,01/04/2020,
17/09/1990,Heaven or Las Vegas,,Cocteau Twins,Rock,,LP6,38,7.9,63,"""Frou-Frou Foxes in Midsummer Fires",C,A,A,B,B,B,*,C,A,*,,,,,,,,,,,,,,,,,,,,,,,,,,,,,10,,,,,,01/05/2020,
24/04/1989,Full Moon Fever,,Tom Petty,Folk/Country,,LP1,40,7.4,47,"""Free Fallin'""",A,A,B,A,D,C,A,A,A,A,D,D,,,,,,,,,,,,,,,,,,,,,,,,,,,8.1,,,"7,563,339",,7,01/03/2020,
03/03/1989,Different Trains / Electric Counterpoint,,Steve Reich,Contemporary,,LP,42,7.0,36,"""Electric Counterpoint: III. Fast""",B,C,D,A,A,A,,,,,,,,,,,,,,,,,,,,,,,,,,,,,,,,,,,,"335,536",,6,01/04/2020,
19/09/1988,Watermark,,Enya,Contemporary,Folk,LP2,40,9.0,91,"""Storms in Africa""",*,B,*,*,*,a,C,*,A,A,*,,,,,,,,,,,,,,,,,,,,,,,,,,,,,,,"2,658,619",▲,6,,9.0
19/05/1986,So,,Peter Gabriel,Pop,,LP5,47,9.3,95,"""In Your Eyes""",A,A,*,*,*,A,C,A,*,,,,,,,,,,,,,,,,,,,,,,,,,,,,,,9.1,,,"3,767,907",,7,01/04/2020,9.3
01/02/1986,The Colour of Spring,,Talk Talk,Pop,Rock,LP3,46,8.0,65,"""Give It Up""",B,A,A,*,A,*,B,B,,,,,,,,,,,,,,,,,,,,,,,,,,,,,,,,,,,,,01/05/2020,
18/10/1985,Love,,The Cult,Rock,,LP2,52,5.0,8,"""Rain""",B,D,C,C,A,A,C,B,D,A,,,,,,,,,,,,,,,,,,,,,,,,,,,,,,,,"1,523,423",▲,6,,
08/07/1985,Back to the Future,,Various Artists,Pop,Cont.,OST,38,6.8,31,"""Earth Angel (Will You Be Mine?)""",A,B,A,D,A,B,C,B,A,B,,,,,,,,,,,,,,,,,,,,,,,,,,,,,,,,,,,,
25/02/1985,Songs from the Big Chair,,Tears for Fears,Pop,Rock,LP2,42,8.8,87,"""Listen""",A,*,B,B,B,a,*,*,,,,,,,,,,,,,,,,,,,,,,,,,,,,,,,8.9,,,"7,400,320",▲,7,,
10/08/1984,Whose Side Are You On?,,Matt Bianco,Pop,,LP1,41,5.9,16,"""More Than I Can Bear""",A,A,B,B,B,C,C,B,B,B,,,,,,,,,,,,,,,,,,,,,,,,,,,,,,,,"271,990",,5,,
20/02/1984,Declaration,,The Alarm,Rock,,LP1,50,9.0,91,"""Howling Wind""",*,A,B,A,A,*,*,A,C,*,a,*,,,,,,,,,,,,,,,,,,,,,,,,,,,,,,"136,763",▲,5,,9.0
20/02/1984,The Smiths,,The Smiths,Rock,,LP1,46,6.6,27,"""This Charming Man""",B,B,A,B,B,A,A,A,A,B,B,,,,,,,,,,,,,,,,,,,,,,,,,,,,,,,"5,556,280",▲,7,01/01/2020,
21/11/1983,Under a Blood Red Sky,,U2,Rock,,Live,36,6.7,29,"""New Year's Day""",A,B,C,B,A,B,A,A,,,,,,,,,,,,,,,,,,,,,,,,,,,,,,,9.0,,,"14,266,247",▲,7,,
07/03/1983,The Hurting,,Tears for Fears,Pop,,LP1,42,7.5,50,"""The Hurting""",*,A,A,D,A,C,A,A,D,*,,,,,,,,,,,,,,,,,,,,,,,,,,,,,,,,"7,400,320",▲,7,01/04/2020,
08/04/1982,TOTO IV,,TOTO,Rock,Pop,LP4,42,5.8,15,"""Rosanna""",A,B,B,C,A,B,D,D,B,A,,,,,,,,,,,,,,,,,,,,,,,,,,,,,,,,"11,759,652",,7,01/04/2020,
01/01/1978,Ambient 1: Music for Airports,,Brian Eno,Ambient,,LP6,48,8.4,77,"""2/2""",*,A,A,*,,,,,,,,,,,,,,,,,,,,,,,,,,,,,,,,,,,9.2,,,"1,858,602",,6,01/04/2020,
08/04/1977,The Clash,,The Clash,Rock,,LP1,36,5.2,9,"""Police & Thieves""",B,D,B,B,B,A,A,C,B,B,B,B,B,B,,,,,,,,,,,,,,,,,,,,,,,,,,,,"8,759,368",,7,,
04/02/1977,Rumours,,Fleetwood Mac,Rock,Folk,LP11,40,6.9,34,"""Go Your Own Way""",B,*,A,C,*,B,B,B,B,A,A,,,,,,,,,,,,,,,,,,,,,,,,,,,,10,,,"16,799,137",,7,01/03/2020,
01/03/1973,The Dark Side of the Moon,,Pink Floyd,Rock,Exp.,LP8,43,8.9,89,"""The Great Gig in the Sky""",a,A,A,A,*,A,A,B,B,A,,,,,,,,,,,,,,,,,,,,,,,,,,,,,,,,"13,088,207",,7,,8.9
01/11/1970,Feliz Navidad,,José Feliciano,Pop,Cont.,Xmas,49,7.8,59,"""The First Noel""",B,B,B,*,A,A,B,a,*,c,C,a,A,B,b,,,,,,,,,,,,,,,,,,,,,,,,,,,"2,302,225",▲,6,,
01/03/1969,The Velvet Underground,,The Velvet Underground,Folk/Country,Rock,LP3,44,6.6,27,"""Pale Blue Eyes""",A,B,C,*,B,D,B,B,B,B,,,,,,,,,,,,,,,,,,,,,,,,,,,,,10,,,"3,985,414",,7,01/03/2020,
26/05/1967,Sgt. Pepper's Lonely Hearts Club Band,,The Beatles,Rock,Exp.,LP8,40,7.4,47,"""She's Leaving Home""",c,C,B,A,B,*,B,*,C,A,B,c,B,,,,,,,,,,,,,,,,,,,,,,,,,,10,,,,,,01/05/2020,
